,n_genes,percent_mito,n_counts
Calb2_tdTpositive_cell_1,8308,0.02099944,14030201.0
Calb2_tdTpositive_cell_2,6001,0.01954554,4803366.5
Calb2_tdTpositive_cell_3,6318,0.017764535,3073418.5
Calb2_tdTpositive_cell_4,8354,0.02211233,12192291.0
Calb2_tdTpositive_cell_5,8128,0.021368597,13477232.0
Calb2_tdTpositive_cell_6,9111,0.026480531,12853588.0
Calb2_tdTpositive_cell_7,9217,0.02189803,11893936.0
Calb2_tdTpositive_cell_8,9430,0.02483218,15260521.0
Calb2_tdTpositive_cell_9,7517,0.0502392,4957918.0
Calb2_tdTpositive_cell_11,7633,0.06152024,3417166.0
Calb2_tdTpositive_cell_12,8831,0.032568548,5418719.5
Calb2_tdTpositive_cell_13,8459,0.028770529,10449442.0
Calb2_tdTpositive_cell_15,8172,0.03336083,11768283.0
Calb2_tdTpositive_cell_16,7929,0.056506865,13373698.0
Calb2_tdTpositive_cell_17,6778,0.02577748,4560352.0
Calb2_tdTpositive_cell_18,5888,0.02362043,3703238.0
Calb2_tdTpositive_cell_19,5889,0.027956678,3698190.5
Calb2_tdTpositive_cell_20,6381,0.023326376,4313857.0
Calb2_tdTpositive_cell_21,6313,0.015284463,3693324.8
Calb2_tdTpositive_cell_22,7364,0.021031136,4461707.5
Calb2_tdTpositive_cell_23,6426,0.019646628,3377687.2
Calb2_tdTpositive_cell_24,5380,0.02252871,4158895.0
Calb2_tdTpositive_cell_25,5403,0.026721772,3297476.0
Calb2_tdTpositive_cell_26,5927,0.019245623,3587173.5
Calb2_tdTpositive_cell_27,4706,0.053503793,2973216.8
Calb2_tdTpositive_cell_28,6563,0.032590408,4538632.5
Calb2_tdTpositive_cell_29,6394,0.020376407,4162221.5
Calb2_tdTpositive_cell_30,8214,0.027973155,3817973.0
Calb2_tdTpositive_cell_31,6338,0.02047216,3761127.0
Calb2_tdTpositive_cell_32,6587,0.01123074,4346005.5
Calb2_tdTpositive_cell_33,8212,0.024140539,4048933.5
Calb2_tdTpositive_cell_34,6391,0.028054927,4586866.0
Calb2_tdTpositive_cell_35,5931,0.027065342,2808626.2
Calb2_tdTpositive_cell_36,6182,0.03628274,3967995.8
Calb2_tdTpositive_cell_37,6525,0.025616035,4521181.0
Calb2_tdTpositive_cell_38,6233,0.02668962,6155391.5
Calb2_tdTpositive_cell_39,7560,0.02415108,3971789.0
Calb2_tdTpositive_cell_40,4784,0.020084752,4756414.0
Calb2_tdTpositive_cell_41,6500,0.026605912,3674079.8
Calb2_tdTpositive_cell_42,7904,0.027208397,4479963.0
Calb2_tdTpositive_cell_43,6193,0.02389266,3776081.0
Calb2_tdTpositive_cell_44,6465,0.031565703,4868013.0
Calb2_tdTpositive_cell_45,7432,0.022885568,3817126.2
Calb2_tdTpositive_cell_46,5630,0.063435845,3086993.0
Calb2_tdTpositive_cell_47,6734,0.022314183,3865373.0
Calb2_tdTpositive_cell_48,4464,0.091784015,3457440.2
Calb2_tdTpositive_cell_49,7230,0.022582933,4101528.2
Calb2_tdTpositive_cell_50,5729,0.046366673,3320372.2
Calb2_tdTpositive_cell_51,7827,0.02880379,4393012.0
Calb2_tdTpositive_cell_52,6225,0.023031544,4463325.0
Calb2_tdTpositive_cell_53,4387,0.07542135,3915439.5
Calb2_tdTpositive_cell_54,6357,0.024494529,5221579.0
Calb2_tdTpositive_cell_55,5412,0.021007461,4564836.5
Calb2_tdTpositive_cell_56,5865,0.027886221,2934884.5
Calb2_tdTpositive_cell_57,5462,0.023024911,3232264.5
Calb2_tdTpositive_cell_58,4385,0.071071446,2780650.2
Calb2_tdTpositive_cell_59,7137,0.022707641,3713383.2
Calb2_tdTpositive_cell_60,5957,0.021164512,3378632.5
Calb2_tdTpositive_cell_61,6029,0.02609442,3180715.0
Calb2_tdTpositive_cell_62,8083,0.018229064,3476299.2
Calb2_tdTpositive_cell_63,6267,0.022982942,2840921.2
Calb2_tdTpositive_cell_64,6120,0.023374667,3086789.0
Chat_tdTpositive_cell_1,6414,0.04470924,3566012.8
Chat_tdTpositive_cell_2,6792,0.020862512,4485089.0
Chat_tdTpositive_cell_3,6632,0.043956053,4492328.0
Chat_tdTpositive_cell_4,6010,0.03159461,2803616.2
Chat_tdTpositive_cell_5,6537,0.023914881,4121815.2
Chat_tdTpositive_cell_6,6426,0.028458152,4705066.0
Chrna2_tdTpositive_cell_1,6518,0.0316998,2929868.2
Chrna2_tdTpositive_cell_2,6236,0.035565596,2943402.5
Chrna2_tdTpositive_cell_3,8438,0.03115519,3016847.2
Chrna2_tdTpositive_cell_4,8355,0.048056293,2543792.0
Chrna2_tdTpositive_cell_5,6408,0.050151944,2532443.5
Chrna2_tdTpositive_cell_6,6198,0.054890417,3208868.5
Chrna2_tdTpositive_cell_7,6568,0.033262327,3023525.0
Chrna2_tdTpositive_cell_8,6479,0.030911217,3961011.5
Chrna2_tdTpositive_cell_9,7989,0.032043535,4194004.0
Chrna2_tdTpositive_cell_10,6749,0.033305835,4045535.0
Chrna2_tdTpositive_cell_11,8061,0.054250523,4263511.0
Chrna2_tdTpositive_cell_12,7822,0.03662877,3758819.8
Chrna2_tdTpositive_cell_13,7642,0.07238762,4519921.0
Chrna2_tdTpositive_cell_14,6987,0.09061804,11280172.0
Chrna2_tdTpositive_cell_15,8622,0.053385485,5258202.0
Chrna2_tdTpositive_cell_16,6891,0.03842162,5213362.5
Chrna2_tdTpositive_cell_17,8267,0.038285896,4325464.0
Chrna2_tdTpositive_cell_18,7894,0.031255607,2848604.8
Chrna2_tdTpositive_cell_19,7802,0.024393957,7931416.5
Chrna2_tdTpositive_cell_20,6833,0.02646457,5558585.5
Chrna2_tdTpositive_cell_21,7824,0.02817252,9222044.0
Chrna2_tdTpositive_cell_22,8419,0.025297605,5958438.0
Chrna2_tdTpositive_cell_23,8145,0.018964836,4828300.0
Chrna2_tdTpositive_cell_24,7881,0.043761212,4724601.0
Chrna2_tdTpositive_cell_25,6996,0.04258453,5664511.0
Chrna2_tdTpositive_cell_26,7286,0.052529283,6300977.0
Chrna2_tdTpositive_cell_27,7725,0.024608303,3389680.5
Chrna2_tdTpositive_cell_28,7716,0.025775846,3951879.0
Chrna2_tdTpositive_cell_29,8228,0.030753493,2639394.2
Chrna2_tdTpositive_cell_30,7830,0.025338193,4515430.0
Chrna2_tdTpositive_cell_31,8257,0.031397343,2369584.0
Chrna2_tdTpositive_cell_32,5998,0.0299967,2186055.5
Chrna2_tdTpositive_cell_33,6854,0.028749673,6163739.0
Chrna2_tdTpositive_cell_34,7393,0.042263106,3676848.0
Chrna2_tdTpositive_cell_35,7196,0.027817037,4070745.2
Chrna2_tdTpositive_cell_36,7092,0.027726647,3024417.2
Chrna2_tdTpositive_cell_37,7310,0.03880435,6257290.5
Chrna2_tdTpositive_cell_38,7722,0.03014764,2484351.5
Chrna2_tdTpositive_cell_39,7057,0.038965255,3781859.5
Chrna2_tdTpositive_cell_40,8239,0.03235465,2456434.5
Chrna2_tdTpositive_cell_41,6317,0.043028444,2191884.2
Chrna2_tdTpositive_cell_42,7894,0.030273927,5219260.0
Chrna2_tdTpositive_cell_43,7292,0.061844442,6660748.0
Chrna2_tdTpositive_cell_44,7321,0.025095295,4416944.0
Chrna2_tdTpositive_cell_45,8084,0.02247748,9063360.0
Chrna2_tdTpositive_cell_46,6770,0.032282494,4446943.5
Chrna2_tdTpositive_cell_47,7085,0.045303706,2668840.2
Chrna2_tdTpositive_cell_48,7794,0.08003734,12385192.0
Chrna2_tdTpositive_cell_49,6897,0.052205015,7923105.5
Chrna2_tdTpositive_cell_50,7893,0.021861738,16909832.0
Chrna2_tdTpositive_cell_51,7606,0.04418109,7689579.0
Chrna2_tdTpositive_cell_52,7536,0.040181354,10211798.0
Chrna2_tdTpositive_cell_53,7956,0.04287395,9226675.0
Chrna2_tdTpositive_cell_54,6310,0.07253797,5935160.5
Chrna2_tdTpositive_cell_55,6460,0.06703097,3418621.2
Chrna2_tdTpositive_cell_56,6492,0.06094132,7748058.0
Chrna2_tdTpositive_cell_57,6386,0.044881918,4302105.0
Chrna2_tdTpositive_cell_58,8429,0.022613347,5251057.0
Chrna2_tdTpositive_cell_59,9125,0.025278986,7466124.5
Chrna2_tdTpositive_cell_60,8755,0.019564357,7224526.5
Chrna2_tdTpositive_cell_61,9807,0.021342559,11495656.0
Chrna2_tdTpositive_cell_62,9370,0.04882978,5392405.5
Chrna2_tdTpositive_cell_63,8361,0.023366995,4975123.0
Chrna2_tdTpositive_cell_64,7590,0.063921236,6024593.0
Chrna2_tdTpositive_cell_65,7405,0.042824313,4943928.5
Chrna2_tdTpositive_cell_66,8520,0.028093398,4965481.5
Chrna2_tdTpositive_cell_67,8246,0.03148117,6886854.0
Chrna2_tdTpositive_cell_68,7348,0.030631755,5123877.0
Chrna2_tdTpositive_cell_69,7644,0.033950485,4038351.5
Chrna2_tdTpositive_cell_70,7608,0.017556781,4791790.0
Chrna2_tdTpositive_cell_71,6423,0.036682006,3185568.5
Chrna2_tdTpositive_cell_72,7764,0.03282651,3592259.8
Chrna2_tdTpositive_cell_73,8519,0.024159929,4960876.0
Chrna2_tdTpositive_cell_74,9115,0.026916003,5398228.5
Chrna2_tdTpositive_cell_75,7733,0.027494416,3745170.0
Chrna2_tdTpositive_cell_76,7459,0.02350179,5345719.5
Chrna2_tdTpositive_cell_77,8473,0.032724287,6261286.0
Chrna2_tdTpositive_cell_78,7777,0.0312602,4736843.0
Chrna2_tdTpositive_cell_79,7811,0.020961674,5513970.0
Chrna2_tdTpositive_cell_80,8047,0.02112895,3991381.8
Chrna2_tdTpositive_cell_81,7377,0.026825594,4165337.8
Chrna2_tdTpositive_cell_82,8022,0.037060708,6154222.0
Chrna2_tdTpositive_cell_83,8440,0.030621793,4902093.0
Chrna2_tdTpositive_cell_84,6866,0.04964012,4677562.0
Ctgf_tdTpositive_cell_1,4242,0.06967713,3498496.5
Ctgf_tdTpositive_cell_2,3424,0.08361566,3486064.5
Ctgf_tdTpositive_cell_3,3384,0.07279626,4093897.0
Ctgf_tdTpositive_cell_4,3564,0.10152837,4939773.0
Ctgf_tdTpositive_cell_5,3803,0.07532595,4233877.0
Ctgf_tdTpositive_cell_6,3466,0.11345932,5040800.0
Ctgf_tdTpositive_cell_7,3573,0.07959936,4504339.0
Ctgf_tdTpositive_cell_8,4446,0.10373753,3911790.0
Ctgf_tdTpositive_cell_9,3896,0.05341397,3701182.5
Ctgf_tdTpositive_cell_10,3814,0.08303848,3855622.8
Ctgf_tdTpositive_cell_11,7411,0.03150067,2550303.5
Ctgf_tdTpositive_cell_12,8759,0.032195896,3298509.0
Ctgf_tdTpositive_cell_13,8560,0.028349482,2893136.0
Ctgf_tdTpositive_cell_14,8711,0.03279212,3623464.0
Ctgf_tdTpositive_cell_15,7695,0.028252997,3187151.5
Ctgf_tdTpositive_cell_16,7949,0.033766467,2982191.5
Ctgf_tdTpositive_cell_17,7397,0.022111475,3128734.2
Ctgf_tdTpositive_cell_18,8505,0.027921781,3736657.0
Ctgf_tdTpositive_cell_19,8901,0.033730187,3134187.0
Ctgf_tdTpositive_cell_20,8610,0.027130106,3695942.0
Ctgf_tdTpositive_cell_21,8587,0.030821102,3565250.0
Ctgf_tdTpositive_cell_22,8199,0.03150917,4055639.5
Ctgf_tdTpositive_cell_23,8147,0.026637333,3451377.0
Ctgf_tdTpositive_cell_24,7086,0.022894323,2341658.2
Cux2_tdTpositive_cell_1,9436,0.027278505,21105942.0
Cux2_tdTpositive_cell_3,9410,0.020921458,21876866.0
Cux2_tdTpositive_cell_4,8179,0.023184562,9952064.0
Cux2_tdTpositive_cell_5,8659,0.028525522,8963164.0
Cux2_tdTpositive_cell_6,8929,0.030130304,7439973.0
Cux2_tdTpositive_cell_7,9418,0.032244902,11044275.0
Cux2_tdTpositive_cell_8,7698,0.03177388,9111698.0
Cux2_tdTpositive_cell_9,7851,0.020217126,5453474.0
Cux2_tdTpositive_cell_10,7326,0.022007516,6132655.0
Cux2_tdTpositive_cell_11,7768,0.022309383,5847311.0
Cux2_tdTpositive_cell_12,7294,0.01667721,4510921.0
Cux2_tdTpositive_cell_13,7344,0.022764867,5625540.0
Cux2_tdTpositive_cell_14,6940,0.01553976,5775600.0
Cux2_tdTpositive_cell_15,8210,0.021535622,6657905.0
Cux2_tdTpositive_cell_16,8554,0.022323089,4611470.0
Cux2_tdTpositive_cell_17,6157,0.0250338,7269995.0
Cux2_tdTpositive_cell_18,7055,0.027580306,5249042.0
Cux2_tdTpositive_cell_19,8741,0.023645673,5234268.5
Cux2_tdTpositive_cell_20,7149,0.020870605,6130115.0
Cux2_tdTpositive_cell_21,7647,0.020722717,5163151.0
Cux2_tdTpositive_cell_22,6757,0.024411911,3036548.8
Cux2_tdTpositive_cell_23,7767,0.020473965,4259424.5
Cux2_tdTpositive_cell_24,7576,0.018889876,4557784.0
Cux2_tdTpositive_cell_25,8637,0.029318206,6167470.0
Cux2_tdTpositive_cell_26,7810,0.029587965,6383820.5
Cux2_tdTpositive_cell_27,8647,0.025091402,5545035.0
Cux2_tdTpositive_cell_28,8521,0.030948555,6231711.0
Cux2_tdTpositive_cell_29,7472,0.021460641,4096296.5
Cux2_tdTpositive_cell_30,7985,0.02701724,5314594.0
Cux2_tdTpositive_cell_31,8405,0.024021538,4988751.0
Cux2_tdTpositive_cell_32,6985,0.021433186,4621029.0
Cux2_tdTpositive_cell_33,7530,0.02138364,3820211.5
Cux2_tdTpositive_cell_34,8889,0.017443307,6746030.0
Cux2_tdTpositive_cell_35,8076,0.024863977,7245780.5
Cux2_tdTpositive_cell_36,8354,0.023192272,6730854.0
Cux2_tdTpositive_cell_37,6983,0.020041436,6699053.0
Cux2_tdTpositive_cell_38,8795,0.016840538,9199454.0
Cux2_tdTpositive_cell_39,8619,0.021164121,5299681.0
Cux2_tdTpositive_cell_40,7355,0.019774731,5435014.5
Cux2_tdTpositive_cell_41,8195,0.01817547,8196734.0
Cux2_tdTpositive_cell_42,7480,0.01839021,3537740.5
Cux2_tdTpositive_cell_43,7691,0.021299904,4017363.2
Cux2_tdTpositive_cell_44,8486,0.0189472,11587468.0
Cux2_tdTpositive_cell_45,8971,0.02381535,6877309.0
Cux2_tdTpositive_cell_46,9032,0.024965348,14683856.0
Cux2_tdTpositive_cell_47,7613,0.017454773,13064886.0
Cux2_tdTpositive_cell_48,7627,0.03229955,4412440.5
Cux2_tdTpositive_cell_49,8649,0.017467823,7447312.0
Cux2_tdTpositive_cell_50,7827,0.018075638,4495203.0
Cux2_tdTpositive_cell_51,7138,0.023300098,3385759.5
Cux2_tdTpositive_cell_52,6732,0.014669039,3825344.2
Cux2_tdTpositive_cell_53,8367,0.022684954,4178532.0
Cux2_tdTpositive_cell_54,8010,0.025014725,3714309.8
Cux2_tdTpositive_cell_55,6224,0.0154266115,4061790.5
Cux2_tdTpositive_cell_56,6341,0.017233664,4310702.5
Cux2_tdTpositive_cell_57,8387,0.024082981,5760586.0
Cux2_tdTpositive_cell_58,7158,0.019063331,5365997.0
Cux2_tdTpositive_cell_59,8310,0.024791991,4965927.5
Cux2_tdTpositive_cell_60,8151,0.025644572,5109726.0
Cux2_tdTpositive_cell_61,7471,0.025885781,4266600.0
Cux2_tdTpositive_cell_62,9036,0.024425171,7028119.0
Cux2_tdTpositive_cell_63,8171,0.051254272,7044861.0
Cux2_tdTpositive_cell_64,6420,0.021688163,5929529.5
Cux2_tdTpositive_cell_65,8105,0.026217116,5067411.0
Cux2_tdTpositive_cell_66,8930,0.03685561,3533691.0
Cux2_tdTpositive_cell_67,6564,0.01859124,3881132.8
Cux2_tdTpositive_cell_68,7440,0.02742105,4760215.0
Cux2_tdTpositive_cell_69,7379,0.024601452,3832333.2
Cux2_tdTpositive_cell_70,8048,0.025556605,3608751.0
Cux2_tdTpositive_cell_71,7583,0.02201935,3373411.2
Cux2_tdTpositive_cell_72,7101,0.03258006,4657447.0
Cux2_tdTpositive_cell_73,5944,0.01557972,1770982.8
Cux2_tdTpositive_cell_74,4958,0.036228012,2636609.8
Cux2_tdTpositive_cell_75,7166,0.021418741,3351421.0
Cux2_tdTpositive_cell_76,6877,0.018197237,5188063.5
Cux2_tdTpositive_cell_77,7295,0.025497507,2000989.1
Cux2_tdTpositive_cell_78,7701,0.02298958,3127591.8
Cux2_tdTpositive_cell_79,7294,0.021066375,3159496.0
Cux2_tdTpositive_cell_80,6145,0.0126722,2874321.5
Cux2_tdTpositive_cell_81,7266,0.025442688,2977159.0
Cux2_tdTpositive_cell_82,7050,0.014226955,2170830.0
Cux2_tdTpositive_cell_83,7727,0.021363076,2832541.2
Cux2_tdTpositive_cell_84,6471,0.03741357,2648154.0
Cux2_tdTpositive_cell_85,6097,0.043826748,2306412.5
Cux2_tdTpositive_cell_86,6079,0.024365252,2906562.5
Cux2_tdTpositive_cell_87,6719,0.026567424,4356268.5
Cux2_tdTpositive_cell_88,6764,0.019813461,3969029.5
Cux2_tdTpositive_cell_89,6712,0.023478853,2706020.0
Cux2_tdTpositive_cell_90,7774,0.024640948,3527821.0
Cux2_tdTpositive_cell_91,7140,0.022921288,4419395.0
Cux2_tdTpositive_cell_92,8576,0.025411403,14262779.0
Cux2_tdTpositive_cell_93,5923,0.031884138,2345035.8
Cux2_tdTpositive_cell_94,5383,0.049043983,2424135.2
Cux2_tdTpositive_cell_95,7106,0.022696713,3431027.8
Cux2_tdTpositive_cell_96,7453,0.01944638,2819561.8
Cux2_tdTpositive_cell_97,7162,0.022516457,3566371.0
Cux2_tdTpositive_cell_98,7334,0.021404661,3792512.2
Cux2_tdTpositive_cell_99,7221,0.029513836,3142054.5
Cux2_tdTpositive_cell_100,8475,0.021720616,3362300.8
Cux2_tdTpositive_cell_101,7986,0.024940273,2837538.5
Cux2_tdTpositive_cell_102,7854,0.024961786,4065693.8
Cux2_tdTpositive_cell_103,8214,0.026633447,4012972.8
Cux2_tdTpositive_cell_104,7738,0.022323122,3700572.0
Cux2_tdTpositive_cell_105,7954,0.025415817,3316182.0
Cux2_tdTpositive_cell_106,7485,0.023727871,3187699.8
Cux2_tdTpositive_cell_107,8316,0.030921532,3013745.0
Cux2_tdTpositive_cell_108,7618,0.029941447,3475929.2
Cux2_tdTpositive_cell_109,7913,0.023701439,3009314.0
Cux2_tdTpositive_cell_110,7579,0.028298626,3566769.0
Cux2_tdTpositive_cell_111,8433,0.025491057,3527980.5
Cux2_tdTpositive_cell_112,8269,0.030671367,3989745.2
Cux2_tdTpositive_cell_113,8589,0.027968418,3568177.8
Cux2_tdTpositive_cell_114,8375,0.026417071,3827794.8
Cux2_tdTpositive_cell_122,8306,0.035117373,3753906.0
Cux2_tdTpositive_cell_123,7990,0.037250403,2603686.2
Cux2_tdTpositive_cell_124,7053,0.03662502,2208748.2
Cux2_tdTnegative_cell_1,6244,0.027703796,4437247.5
Cux2_tdTnegative_cell_2,4080,0.08227912,3333744.2
Cux2_tdTnegative_cell_3,4370,0.10356503,4150774.2
Cux2_tdTnegative_cell_4,2402,0.09522573,5052536.0
Cux2_tdTnegative_cell_5,4075,0.08237849,3601618.5
Cux2_tdTnegative_cell_7,4388,0.045304313,3830860.0
Cux2_tdTnegative_cell_8,7015,0.03223807,3783566.8
Cux2_tdTnegative_cell_9,8358,0.058344364,4175135.5
Cux2_tdTnegative_cell_10,5012,0.05345786,3769173.0
Cux2_tdTnegative_cell_11,4354,0.07639971,4761398.0
Cux2_tdTnegative_cell_12,3903,0.035562254,3948687.0
Cux2_tdTnegative_cell_13,4300,0.044792615,3483063.0
Cux2_tdTnegative_cell_14,7991,0.033731468,6765713.0
Cux2_tdTnegative_cell_15,4138,0.09762338,3605417.5
Cux2_tdTnegative_cell_16,6248,0.039381083,3913326.0
Gad2_tdTpositive_cell_1,6557,0.019150244,5605590.0
Gad2_tdTpositive_cell_2,8936,0.028915975,5347576.0
Gad2_tdTpositive_cell_3,6846,0.029987724,5543242.0
Gad2_tdTpositive_cell_4,7397,0.039150905,3920834.5
Gad2_tdTpositive_cell_5,7917,0.037108485,5301763.5
Gad2_tdTpositive_cell_6,7598,0.025812447,4834281.0
Gad2_tdTpositive_cell_7,9020,0.034994986,8186398.5
Gad2_tdTpositive_cell_8,8309,0.020827409,6717404.0
Gad2_tdTpositive_cell_9,6799,0.031797126,5802331.5
Gad2_tdTpositive_cell_10,4841,0.029445294,6274234.0
Gad2_tdTpositive_cell_11,8096,0.03885897,6513296.0
Gad2_tdTpositive_cell_12,5099,0.03576129,3670649.2
Gad2_tdTpositive_cell_13,5447,0.06677577,7608454.5
Gad2_tdTpositive_cell_14,6184,0.014238732,3486544.0
Gad2_tdTpositive_cell_15,6680,0.01475381,3749191.0
Gad2_tdTpositive_cell_16,4582,0.055098552,2017055.9
Gad2_tdTpositive_cell_17,7392,0.02264092,5101137.5
Gad2_tdTpositive_cell_18,8371,0.022613982,18009628.0
Gad2_tdTpositive_cell_19,6635,0.01605467,7573679.0
Gad2_tdTpositive_cell_20,8357,0.029855786,10225692.0
Gad2_tdTpositive_cell_21,6505,0.019350586,8641033.0
Gad2_tdTpositive_cell_22,8572,0.018107846,11171717.0
Gad2_tdTpositive_cell_23,6293,0.02293434,9832223.0
Gad2_tdTpositive_cell_24,4709,0.08222095,4207328.5
Gad2_tdTpositive_cell_25,8375,0.02434347,8773918.0
Gad2_tdTpositive_cell_26,9247,0.03231757,9333057.0
Gad2_tdTpositive_cell_27,8117,0.042813174,8681338.0
Gad2_tdTpositive_cell_28,7691,0.035260063,9014213.0
Gad2_tdTpositive_cell_29,6535,0.014783896,4453168.0
Gad2_tdTpositive_cell_30,5310,0.11285666,4503212.5
Gad2_tdTpositive_cell_31,8268,0.031901214,4991497.0
Gad2_tdTpositive_cell_32,6834,0.01877026,5042250.0
Gad2_tdTpositive_cell_33,6017,0.023283431,2433710.0
Gad2_tdTpositive_cell_34,5960,0.016242912,5844777.0
Gad2_tdTpositive_cell_35,7191,0.018576898,3978947.5
Gad2_tdTpositive_cell_36,7042,0.019184463,5327203.0
Gad2_tdTpositive_cell_37,7069,0.022881778,3259741.0
Gad2_tdTpositive_cell_38,6438,0.022706786,4548788.5
Gad2_tdTpositive_cell_39,4129,0.046471942,2459600.8
Gad2_tdTpositive_cell_40,7368,0.02899582,2924257.0
Gad2_tdTpositive_cell_41,4039,0.06166324,2009026.1
Gad2_tdTpositive_cell_42,6891,0.022089707,3284195.5
Gad2_tdTpositive_cell_43,7639,0.05263728,3059997.5
Gad2_tdTpositive_cell_44,5525,0.03956474,13847050.0
Gad2_tdTpositive_cell_45,6330,0.030891746,4658678.0
Gad2_tdTpositive_cell_46,6017,0.017516878,4295210.5
Gad2_tdTpositive_cell_47,8088,0.057865575,6535829.5
Gad2_tdTpositive_cell_48,7540,0.0350659,4465714.0
Gad2_tdTpositive_cell_49,7566,0.029938072,3287552.5
Gad2_tdTpositive_cell_50,7668,0.027168669,3044649.0
Gad2_tdTpositive_cell_51,7322,0.02669724,2767660.5
Gad2_tdTpositive_cell_52,6519,0.026134828,3821094.5
Gad2_tdTpositive_cell_53,6368,0.03256271,3170600.5
Gad2_tdTpositive_cell_54,6127,0.02620504,2664459.8
Gad2_tdTpositive_cell_55,8157,0.047815528,3629348.0
Gad2_tdTpositive_cell_56,7193,0.026142031,6343617.5
Gad2_tdTpositive_cell_57,7436,0.061526425,4798880.5
Gad2_tdTpositive_cell_58,7068,0.042194087,3045237.2
Gad2_tdTpositive_cell_59,7447,0.025920736,3720316.0
Gad2_tdTpositive_cell_60,8115,0.047415495,9221695.0
Gad2_tdTpositive_cell_61,8228,0.05666428,6973762.0
Gad2_tdTpositive_cell_62,7621,0.049946517,5019863.5
Gad2_tdTpositive_cell_63,7293,0.023288416,8414860.0
Gad2_tdTpositive_cell_64,8233,0.025611958,3904554.0
Gad2_tdTpositive_cell_65,8497,0.04446299,11821169.0
Gad2_tdTpositive_cell_66,8011,0.030048471,5069610.5
Gad2_tdTpositive_cell_67,7767,0.032995757,4022877.5
Gad2_tdTpositive_cell_68,7812,0.024109792,5184243.0
Gad2_tdTpositive_cell_69,7365,0.04136433,3500022.0
Gad2_tdTpositive_cell_70,7186,0.019842971,4364869.0
Gad2_tdTpositive_cell_71,7420,0.032277253,4583776.0
Gad2_tdTpositive_cell_72,7189,0.022895651,5625567.0
Gad2_tdTpositive_cell_73,7822,0.024158971,6524494.0
Gad2_tdTpositive_cell_74,6338,0.028978253,4228001.5
Gad2_tdTpositive_cell_75,8703,0.052520216,6658945.0
Gad2_tdTpositive_cell_76,6846,0.03408554,4457959.0
Gad2_tdTpositive_cell_77,5744,0.031029971,5358324.0
Gad2_tdTpositive_cell_78,6004,0.06384939,2469161.0
Gad2_tdTpositive_cell_79,6051,0.02577332,2862504.0
Gad2_tdTpositive_cell_80,6351,0.030172799,2069525.4
Htr3a_tdTpositive_cell_1,7867,0.029565608,9475735.0
Htr3a_tdTpositive_cell_2,7351,0.042422913,4903274.0
Htr3a_tdTpositive_cell_3,7581,0.05644538,4745114.0
Htr3a_tdTpositive_cell_4,6634,0.029574854,4731960.0
Htr3a_tdTpositive_cell_5,7079,0.02768819,5455715.0
Htr3a_tdTpositive_cell_6,6257,0.036917567,5959167.0
Htr3a_tdTpositive_cell_7,6905,0.037302036,5517799.0
Htr3a_tdTpositive_cell_8,6904,0.030868012,5947785.0
Htr3a_tdTpositive_cell_9,6926,0.026345046,5432094.0
Htr3a_tdTpositive_cell_10,7241,0.026483752,5275947.0
Htr3a_tdTpositive_cell_11,7234,0.02757062,4996791.5
Htr3a_tdTpositive_cell_12,7051,0.04887444,4894924.5
Htr3a_tdTpositive_cell_13,5695,0.034452364,5948592.5
Htr3a_tdTpositive_cell_14,6376,0.037307158,4639979.0
Htr3a_tdTpositive_cell_15,7927,0.02732266,11013566.0
Htr3a_tdTpositive_cell_16,5299,0.030257137,7167932.0
Htr3a_tdTpositive_cell_17,6445,0.06272725,8613607.0
Htr3a_tdTpositive_cell_18,7000,0.023857411,4560553.0
Htr3a_tdTpositive_cell_19,6843,0.024609197,5190095.5
Htr3a_tdTpositive_cell_20,5806,0.033493742,4936087.0
Htr3a_tdTpositive_cell_21,6166,0.027181583,5225692.0
Htr3a_tdTpositive_cell_22,6845,0.028863432,5591935.0
Htr3a_tdTpositive_cell_23,6584,0.019271117,6345379.5
Htr3a_tdTpositive_cell_24,7220,0.02695615,7156580.0
Htr3a_tdTpositive_cell_25,6559,0.030312018,6935516.0
Htr3a_tdTpositive_cell_26,7026,0.024583949,4443632.0
Htr3a_tdTpositive_cell_27,6430,0.10395163,4750041.5
Htr3a_tdTpositive_cell_28,6824,0.020156322,4920973.0
Htr3a_tdTpositive_cell_29,6792,0.06101682,4298912.0
Htr3a_tdTpositive_cell_30,7003,0.024754051,4691617.0
Htr3a_tdTpositive_cell_31,7218,0.022621514,4350720.0
Htr3a_tdTpositive_cell_32,8054,0.027311834,3734474.5
Htr3a_tdTpositive_cell_33,7222,0.047074795,4889572.0
Htr3a_tdTpositive_cell_34,6092,0.037312273,4557641.5
Htr3a_tdTpositive_cell_35,6066,0.03944501,4219907.0
Htr3a_tdTpositive_cell_36,7234,0.02234159,6381183.0
Htr3a_tdTpositive_cell_37,7204,0.046422858,4502039.0
Htr3a_tdTpositive_cell_38,6647,0.03118238,4326566.0
Htr3a_tdTpositive_cell_39,5657,0.021844849,4798242.5
Htr3a_tdTpositive_cell_40,6887,0.038868617,4602204.5
Htr3a_tdTpositive_cell_41,6398,0.021128973,7752386.0
Htr3a_tdTpositive_cell_42,7359,0.030499753,6405630.0
Htr3a_tdTpositive_cell_43,6608,0.027466858,5335731.5
Htr3a_tdTpositive_cell_44,7355,0.030003686,7236185.0
Htr3a_tdTpositive_cell_45,6085,0.032138094,5488873.5
Htr3a_tdTpositive_cell_46,7330,0.038421422,4762422.0
Htr3a_tdTpositive_cell_47,6251,0.024873862,5137790.0
Htr3a_tdTpositive_cell_48,5846,0.03933344,4749683.0
Htr3a_tdTpositive_cell_49,6798,0.021547588,4877237.0
Htr3a_tdTpositive_cell_50,7058,0.031344716,6162583.0
Htr3a_tdTpositive_cell_51,6925,0.027936962,5623292.5
Htr3a_tdTpositive_cell_52,7711,0.028396301,6318974.5
Htr3a_tdTpositive_cell_53,5994,0.041524187,9732421.0
Htr3a_tdTpositive_cell_54,6179,0.019672425,5756430.0
Htr3a_tdTpositive_cell_55,6479,0.02379211,1654257.0
Htr3a_tdTpositive_cell_56,5436,0.023821257,2418270.5
Htr3a_tdTpositive_cell_57,6984,0.020538041,4248145.0
Htr3a_tdTpositive_cell_58,6324,0.030786868,4788455.0
Htr3a_tdTpositive_cell_59,6528,0.02720953,4629853.0
Htr3a_tdTpositive_cell_60,7907,0.024736924,6535677.5
Htr3a_tdTpositive_cell_61,7722,0.02921072,8005085.0
Htr3a_tdTpositive_cell_62,7121,0.021103479,12194543.0
Htr3a_tdTpositive_cell_63,6443,0.022042347,5619350.0
Htr3a_tdTpositive_cell_64,7716,0.024792854,4997257.0
Htr3a_tdTpositive_cell_65,6286,0.02500426,5264480.5
Htr3a_tdTpositive_cell_66,6162,0.021463653,5390948.0
Htr3a_tdTpositive_cell_67,6419,0.034510262,5601089.5
Htr3a_tdTpositive_cell_68,7048,0.030661352,4337408.0
Htr3a_tdTpositive_cell_69,6579,0.02104022,4983164.5
Htr3a_tdTpositive_cell_70,7294,0.026627282,5416743.0
Htr3a_tdTpositive_cell_71,5677,0.019246427,5186581.0
Htr3a_tdTpositive_cell_72,9208,0.038499046,5272546.0
Htr3a_tdTpositive_cell_73,7062,0.028012896,5218587.5
Htr3a_tdTpositive_cell_74,7314,0.021288231,4934537.0
Htr3a_tdTpositive_cell_75,7579,0.034018725,6445754.5
Htr3a_tdTpositive_cell_76,6695,0.03365815,5488965.5
Htr3a_tdTpositive_cell_77,7312,0.023113655,5635869.5
Htr3a_tdTpositive_cell_78,7891,0.044332124,7775222.0
Htr3a_tdTpositive_cell_79,8275,0.026331073,5134466.0
Htr3a_tdTpositive_cell_80,6189,0.05399038,4442227.0
Htr3a_tdTpositive_cell_81,6160,0.03022334,4145869.0
Htr3a_tdTpositive_cell_82,7415,0.021664813,4374963.0
Htr3a_tdTpositive_cell_83,7408,0.044824418,7174923.0
Htr3a_tdTpositive_cell_84,8105,0.034610476,5303726.5
Htr3a_tdTpositive_cell_85,7525,0.05938255,6191101.0
Htr3a_tdTpositive_cell_86,9503,0.042151883,5377940.5
Htr3a_tdTpositive_cell_87,7116,0.036034383,7101928.0
Htr3a_tdTpositive_cell_88,6547,0.033508036,4871425.5
Htr3a_tdTpositive_cell_89,8782,0.029590698,7870326.0
Htr3a_tdTpositive_cell_90,7235,0.030426402,7883605.5
Htr3a_tdTpositive_cell_91,8007,0.034974754,8392180.0
Htr3a_tdTpositive_cell_92,5475,0.024947587,1139643.9
Htr3a_tdTpositive_cell_93,8413,0.030802958,6817509.0
Htr3a_tdTpositive_cell_94,8037,0.026671026,4644618.5
Htr3a_tdTpositive_cell_95,4937,0.017321523,881964.0
Htr3a_tdTpositive_cell_96,8380,0.02856288,5976082.0
Htr3a_tdTpositive_cell_97,8164,0.02076001,5332871.0
Htr3a_tdTpositive_cell_98,7959,0.033058234,5510484.5
Htr3a_tdTpositive_cell_99,8291,0.019366795,5918868.0
Htr3a_tdTpositive_cell_100,8464,0.02409359,5313196.0
Htr3a_tdTpositive_cell_101,7824,0.028375734,2008775.0
Htr3a_tdTpositive_cell_102,7120,0.030305997,7492140.5
Htr3a_tdTpositive_cell_103,8473,0.029589184,6610030.0
Htr3a_tdTpositive_cell_104,4898,0.017388875,4410410.5
Htr3a_tdTpositive_cell_105,8554,0.032342255,6131789.0
Htr3a_tdTpositive_cell_106,8583,0.024451233,6211527.0
Htr3a_tdTpositive_cell_107,8607,0.03144879,4799093.5
Htr3a_tdTpositive_cell_108,8813,0.029455706,3168797.0
Htr3a_tdTpositive_cell_109,7759,0.022393517,4561419.0
Htr3a_tdTpositive_cell_110,8305,0.029297741,6589633.5
Htr3a_tdTpositive_cell_111,8403,0.022222819,6326370.5
Htr3a_tdTpositive_cell_112,6950,0.026722187,5439295.0
Htr3a_tdTpositive_cell_113,8830,0.022849713,6121584.0
Htr3a_tdTpositive_cell_114,9093,0.03670622,5901459.0
Htr3a_tdTpositive_cell_115,8365,0.025750102,5775963.5
Htr3a_tdTpositive_cell_116,8008,0.032626957,3040645.0
Htr3a_tdTpositive_cell_117,7987,0.02449732,4532332.5
Htr3a_tdTpositive_cell_118,7398,0.0338629,6261106.0
Htr3a_tdTpositive_cell_119,8995,0.03931498,6220754.0
Htr3a_tdTpositive_cell_120,8225,0.034375656,6517364.0
Htr3a_tdTpositive_cell_121,8185,0.019165782,7307581.0
Htr3a_tdTpositive_cell_122,7218,0.020480826,7081230.5
Htr3a_tdTpositive_cell_123,8164,0.023787126,6439342.0
Ndnf_tdTpositive_cell_1,5389,0.05582627,3959599.5
Ndnf_tdTpositive_cell_2,8501,0.034316353,5531537.0
Ndnf_tdTpositive_cell_3,4360,0.0991717,9505634.0
Ndnf_tdTpositive_cell_4,3811,0.0869937,4118626.2
Ndnf_tdTpositive_cell_5,4290,0.09564586,4461000.0
Ndnf_tdTpositive_cell_6,4433,0.067062415,4422916.0
Ndnf_tdTpositive_cell_7,3470,0.055423085,5186820.0
Ndnf_tdTpositive_cell_8,4163,0.08475984,5436291.5
Ndnf_tdTpositive_cell_9,3097,0.05262363,3739034.5
Ndnf_tdTpositive_cell_10,3729,0.06268698,4818747.0
Ndnf_tdTpositive_cell_11,3485,0.030999847,3479979.0
Ndnf_tdTpositive_cell_12,3612,0.054295585,4947081.5
Ndnf_tdTpositive_cell_13,7281,0.03563534,3756092.0
Ndnf_tdTpositive_cell_14,7460,0.031520523,3820775.0
Ndnf_tdTpositive_cell_15,6946,0.028816136,4031842.0
Ndnf_tdTpositive_cell_16,7448,0.032604944,3490294.8
Ndnf_tdTpositive_cell_17,7189,0.032790482,4486470.5
Ndnf_tdTpositive_cell_18,7103,0.03094138,4393901.5
Ndnf_tdTpositive_cell_19,7380,0.028180197,4493637.0
Ndnf_tdTpositive_cell_20,1825,0.09581551,216079.44
Ndnf_tdTpositive_cell_21,3672,0.05695425,3997703.5
Ndnf_tdTnegative_cell_1,4196,0.04019488,3310370.8
Ndnf_tdTnegative_cell_2,8023,0.021111652,15206894.0
Ndnf_tdTnegative_cell_3,7787,0.031233877,5163496.0
Ndnf_tdTnegative_cell_4,4301,0.045102593,3038634.5
Ndnf_tdTnegative_cell_5,5243,0.06258317,6701471.0
Ndnf_tdTnegative_cell_6,5003,0.08630596,6840516.0
Ndnf_tdTnegative_cell_7,3913,0.05149394,3431472.8
Ndnf_tdTnegative_cell_8,7958,0.025688494,5166980.0
Ndnf_tdTnegative_cell_9,6859,0.027766049,4223524.5
Ndnf_tdTnegative_cell_10,4358,0.045377128,4433249.5
Ndnf_tdTnegative_cell_11,4842,0.03650931,5100185.0
Ndnf_tdTnegative_cell_12,7356,0.027556006,5238233.0
Nkx2-1_tdTpositive_cell_1,6483,0.058200866,4350842.0
Nkx2-1_tdTpositive_cell_2,8379,0.08132774,4852290.0
Nkx2-1_tdTpositive_cell_3,6766,0.05232422,4038686.8
Nkx2-1_tdTpositive_cell_4,8622,0.073338725,4350272.0
Nkx2-1_tdTpositive_cell_5,7443,0.049078852,3934482.0
Nkx2-1_tdTpositive_cell_6,8086,0.059480835,3909582.5
Nkx2-1_tdTpositive_cell_7,7780,0.073989905,3965070.5
Nkx2-1_tdTpositive_cell_8,7500,0.08489678,3734697.0
Nkx2-1_tdTpositive_cell_9,8013,0.08993997,4803580.0
Nkx2-1_tdTpositive_cell_10,9970,0.06960132,6214524.0
Nkx2-1_tdTpositive_cell_11,7879,0.069815814,4686016.5
Nkx2-1_tdTpositive_cell_12,7842,0.05921351,3913248.5
Nkx2-1_tdTpositive_cell_13,7985,0.085305,3993428.2
Nkx2-1_tdTpositive_cell_14,6402,0.04230778,3395165.0
Nkx2-1_tdTpositive_cell_15,6946,0.057485424,4401470.5
Nkx2-1_tdTpositive_cell_16,5686,0.054482102,6178169.5
Nkx2-1_tdTpositive_cell_17,7362,0.06693142,2912441.0
Nkx2-1_tdTpositive_cell_18,9168,0.08195101,4116157.0
Nkx2-1_tdTpositive_cell_19,7141,0.11163048,3202872.0
Nkx2-1_tdTpositive_cell_20,7667,0.09715022,3071911.0
Nkx2-1_tdTpositive_cell_21,6582,0.07562079,2523936.5
Nkx2-1_tdTpositive_cell_22,6395,0.069961,2430831.0
Nos1_tdTpositive_cell_1,5511,0.07231024,3894500.0
Nos1_tdTpositive_cell_2,7961,0.028946673,5309313.5
Nos1_tdTpositive_cell_3,7655,0.026198989,5902397.0
Nos1_tdTpositive_cell_4,9113,0.04000911,10031085.0
Nos1_tdTpositive_cell_5,7387,0.03040205,4994286.5
Nos1_tdTpositive_cell_6,8950,0.035150945,4651608.5
Nos1_tdTpositive_cell_8,8885,0.034891296,14416025.0
Nos1_tdTpositive_cell_9,8253,0.045959763,11996185.0
Nos1_tdTpositive_cell_10,7663,0.041672796,6673692.0
Nos1_tdTpositive_cell_11,8787,0.048025467,13283244.0
Nos1_tdTpositive_cell_12,8967,0.032119185,9787448.0
Nos1_tdTpositive_cell_13,8113,0.033522293,13308904.0
Nos1_tdTpositive_cell_14,9128,0.03787371,12458754.0
Nos1_tdTpositive_cell_15,9331,0.046401795,16067818.0
Nos1_tdTpositive_cell_16,9800,0.04945811,14738770.0
Nos1_tdTpositive_cell_17,8868,0.032227755,6811551.0
Nos1_tdTpositive_cell_18,8590,0.029260853,5512683.0
Nos1_tdTpositive_cell_19,7151,0.023420054,4511178.5
Nos1_tdTpositive_cell_20,9010,0.036503702,5991757.0
Nos1_tdTpositive_cell_21,8543,0.03750643,4268152.0
Nos1_tdTpositive_cell_22,8830,0.033150736,4207733.0
Nos1_tdTpositive_cell_24,9189,0.02974717,5489805.0
Nos1_tdTpositive_cell_25,8434,0.029772293,5653997.0
Nos1_tdTpositive_cell_26,6529,0.06673674,4789812.0
Nos1_tdTpositive_cell_27,8848,0.058107406,5158163.0
Nos1_tdTpositive_cell_28,9549,0.03672542,4952846.0
Nos1_tdTpositive_cell_29,8130,0.034385026,7866193.0
Nos1_tdTpositive_cell_30,9400,0.05103631,6941164.0
Nos1_tdTpositive_cell_31,6632,0.03427738,5695527.0
Nos1_tdTpositive_cell_32,8640,0.038547095,5855456.0
Nos1_tdTpositive_cell_33,7121,0.044560447,4783615.0
Nos1_tdTpositive_cell_34,7720,0.030334206,4637867.0
Nos1_tdTpositive_cell_35,8248,0.031554013,6156356.0
Nos1_tdTpositive_cell_36,7911,0.02623718,6251827.0
Nos1_tdTpositive_cell_37,8648,0.035141073,5399237.5
Nos1_tdTpositive_cell_38,8635,0.028583344,6212734.0
Nos1_tdTpositive_cell_39,7192,0.021392327,5349466.0
Nos1_tdTpositive_cell_40,8204,0.034944076,7471326.5
Nos1_tdTpositive_cell_41,7837,0.033514597,6402459.0
Nos1_tdTpositive_cell_42,8724,0.030982323,3310099.0
Nos1_tdTpositive_cell_43,8087,0.033517502,4947576.0
Nos1_tdTpositive_cell_44,8203,0.03420749,5716325.0
Nos1_tdTpositive_cell_45,6775,0.036111627,5635464.0
Nos1_tdTpositive_cell_46,8032,0.02820776,5228107.0
Nos1_tdTpositive_cell_47,8722,0.05298865,6533544.5
Nos1_tdTpositive_cell_48,7090,0.032629397,4428394.0
Nos1_tdTpositive_cell_49,8490,0.028549418,5583079.5
Nos1_tdTpositive_cell_50,8370,0.033007294,4761284.0
Nos1_tdTpositive_cell_51,9020,0.03581169,6363061.0
Nos1_tdTpositive_cell_52,8543,0.044956833,6965531.0
Nos1_tdTpositive_cell_53,7735,0.03737312,7034896.0
Nos1_tdTpositive_cell_54,5939,0.04438868,4965102.0
Nos1_tdTpositive_cell_55,7632,0.029973418,6589533.5
Nos1_tdTpositive_cell_56,6745,0.054398462,6065242.5
Nos1_tdTpositive_cell_57,8071,0.03374573,6456772.0
Nos1_tdTpositive_cell_58,8643,0.03390679,7682833.0
Nos1_tdTpositive_cell_59,7963,0.027815,7023453.0
Nos1_tdTpositive_cell_60,6687,0.018845147,6134599.0
Nos1_tdTpositive_cell_61,9144,0.03418222,11437320.0
Nos1_tdTpositive_cell_62,8546,0.037281137,5645159.0
Nos1_tdTpositive_cell_63,8567,0.05104527,5416686.0
Nos1_tdTpositive_cell_64,8277,0.031849552,6105331.0
Nos1_tdTpositive_cell_65,8831,0.032476462,12343630.0
Nos1_tdTpositive_cell_67,9279,0.038575076,10464971.0
Nos1_tdTpositive_cell_68,8684,0.034788895,7145577.0
Nos1_tdTpositive_cell_69,6773,0.030176366,7821323.0
Nos1_tdTpositive_cell_70,8666,0.038859453,6469024.0
Nos1_tdTpositive_cell_71,8135,0.031642884,8079498.5
Nos1_tdTpositive_cell_72,9011,0.035625834,5203553.0
Nr5a1_tdTpositive_cell_1,8913,0.026012808,11538901.0
Nr5a1_tdTpositive_cell_2,8818,0.022810195,9967450.0
Nr5a1_tdTpositive_cell_3,9276,0.031892423,11757909.0
Nr5a1_tdTpositive_cell_4,9300,0.026709927,12670776.0
Nr5a1_tdTpositive_cell_5,8906,0.029840006,11615225.0
Nr5a1_tdTpositive_cell_6,8301,0.03905143,5074194.0
Nr5a1_tdTpositive_cell_7,7206,0.03794416,4841493.5
Nr5a1_tdTpositive_cell_8,9059,0.021469524,11435396.0
Nr5a1_tdTpositive_cell_9,6930,0.012892525,3015889.2
Nr5a1_tdTpositive_cell_10,6960,0.018347172,3043269.8
Nr5a1_tdTpositive_cell_11,6599,0.021968795,4070950.8
Nr5a1_tdTpositive_cell_12,7275,0.021992316,4630000.5
Nr5a1_tdTpositive_cell_13,7635,0.019773586,4932830.0
Nr5a1_tdTpositive_cell_14,7586,0.020384792,5631709.0
Nr5a1_tdTpositive_cell_15,8112,0.017749395,5234678.0
Nr5a1_tdTpositive_cell_16,7836,0.017981492,4652910.0
Nr5a1_tdTpositive_cell_17,8450,0.019268176,15918477.0
Nr5a1_tdTpositive_cell_18,8050,0.02129293,5207405.0
Nr5a1_tdTpositive_cell_19,7216,0.033185624,4944873.0
Nr5a1_tdTpositive_cell_20,8322,0.047726024,4980451.5
Nr5a1_tdTpositive_cell_21,9548,0.14311685,5789517.0
Nr5a1_tdTpositive_cell_22,8293,0.040750064,5278464.5
Nr5a1_tdTpositive_cell_23,7339,0.023064407,3001132.2
Nr5a1_tdTpositive_cell_24,7053,0.018864784,4305031.0
Nr5a1_tdTpositive_cell_25,7466,0.02226931,4350475.0
Nr5a1_tdTpositive_cell_26,7360,0.025688186,4839296.0
Nr5a1_tdTpositive_cell_27,7205,0.024345033,4304576.5
Nr5a1_tdTpositive_cell_28,7901,0.024697116,3983910.2
Nr5a1_tdTpositive_cell_29,8796,0.02271311,4998791.0
Nr5a1_tdTpositive_cell_30,6843,0.028329464,5711541.0
Nr5a1_tdTpositive_cell_31,7058,0.023862028,5120100.0
Nr5a1_tdTpositive_cell_32,8060,0.029712975,4631950.0
Nr5a1_tdTpositive_cell_33,7594,0.03977118,4619541.0
Nr5a1_tdTpositive_cell_34,7019,0.02850322,3304116.8
Nr5a1_tdTpositive_cell_35,7769,0.030016432,1571440.8
Nr5a1_tdTpositive_cell_36,7249,0.021203162,2720211.5
Nr5a1_tdTpositive_cell_37,9525,0.03499713,20728334.0
Nr5a1_tdTpositive_cell_38,9398,0.02370063,24975374.0
Nr5a1_tdTpositive_cell_39,9878,0.026349328,9527331.0
Nr5a1_tdTpositive_cell_40,8502,0.022658186,7941234.0
Nr5a1_tdTpositive_cell_41,9009,0.02138002,13665000.0
Nr5a1_tdTpositive_cell_42,9680,0.023790998,19671772.0
Nr5a1_tdTpositive_cell_43,7329,0.031505316,16053272.0
Nr5a1_tdTpositive_cell_44,8436,0.043526247,8953726.0
Nr5a1_tdTpositive_cell_45,7799,0.033179004,4897617.5
Nr5a1_tdTpositive_cell_46,8232,0.024118721,8279669.0
Nr5a1_tdTpositive_cell_47,8006,0.02809557,6419780.0
Nr5a1_tdTpositive_cell_48,7356,0.023416422,6359841.0
Nr5a1_tdTpositive_cell_49,8799,0.061686043,2506855.5
Nr5a1_tdTpositive_cell_50,8899,0.037133772,5758484.5
Nr5a1_tdTpositive_cell_52,8623,0.05464424,4491693.5
Ntsr1_tdTpositive_cell_1,9566,0.02982769,12896220.0
Ntsr1_tdTpositive_cell_2,9461,0.034024112,12609662.0
Ntsr1_tdTpositive_cell_3,9096,0.027166443,14066658.0
Ntsr1_tdTpositive_cell_4,8986,0.029888062,12873824.0
Ntsr1_tdTpositive_cell_5,9232,0.03281337,6538599.5
Ntsr1_tdTpositive_cell_6,8167,0.026884168,5133124.5
Ntsr1_tdTpositive_cell_7,9072,0.03430135,7013984.5
Ntsr1_tdTpositive_cell_8,8859,0.020816477,7606528.0
Ntsr1_tdTpositive_cell_9,7766,0.02473691,6449462.0
Ntsr1_tdTpositive_cell_10,8339,0.025042973,6090535.0
Ntsr1_tdTpositive_cell_11,7885,0.028929466,5865002.5
Ntsr1_tdTpositive_cell_12,7813,0.02627118,5392908.5
Ntsr1_tdTpositive_cell_13,7984,0.029091278,5560235.5
Ntsr1_tdTpositive_cell_14,7510,0.023663148,5931942.0
Ntsr1_tdTpositive_cell_15,8102,0.030012622,5704693.0
Ntsr1_tdTpositive_cell_16,7256,0.033458296,5053330.0
Ntsr1_tdTpositive_cell_17,7688,0.028095542,6331941.0
Ntsr1_tdTpositive_cell_18,7713,0.024661077,6061440.0
Ntsr1_tdTpositive_cell_19,8517,0.034062356,6243391.0
Ntsr1_tdTpositive_cell_20,5873,0.04059802,4948446.0
Ntsr1_tdTpositive_cell_21,7933,0.0325787,5978950.5
Ntsr1_tdTpositive_cell_22,8087,0.040706754,5066774.5
Ntsr1_tdTpositive_cell_23,8430,0.036557674,6131483.5
Ntsr1_tdTpositive_cell_24,8021,0.033130378,7927467.0
Ntsr1_tdTpositive_cell_25,8369,0.028556151,5783948.0
Ntsr1_tdTpositive_cell_26,7636,0.035213184,5641859.0
Ntsr1_tdTpositive_cell_27,6673,0.03810062,5614532.5
Ntsr1_tdTpositive_cell_28,5936,0.05621534,4834781.5
Ntsr1_tdTpositive_cell_29,8871,0.042665966,12926607.0
Ntsr1_tdTpositive_cell_30,8733,0.06863421,11863023.0
Ntsr1_tdTpositive_cell_31,6701,0.04380929,5671847.0
Ntsr1_tdTpositive_cell_32,7464,0.03041951,6065218.5
Ntsr1_tdTpositive_cell_33,8791,0.04615948,10938691.0
Ntsr1_tdTpositive_cell_34,9079,0.035252698,12497059.0
Ntsr1_tdTpositive_cell_35,8646,0.039148174,13873305.0
Ntsr1_tdTpositive_cell_36,8873,0.042537548,15991270.0
Ntsr1_tdTpositive_cell_37,8567,0.02906789,7864410.0
Ntsr1_tdTpositive_cell_38,7661,0.027733633,5262884.0
Ntsr1_tdTpositive_cell_39,6657,0.049428772,5665571.0
Ntsr1_tdTpositive_cell_40,8637,0.032611996,8719975.0
Ntsr1_tdTpositive_cell_41,7377,0.041886616,6631858.0
Ntsr1_tdTpositive_cell_42,7580,0.041104525,5983097.0
Ntsr1_tdTpositive_cell_43,8334,0.029083036,4825522.5
Ntsr1_tdTpositive_cell_44,7477,0.037431553,5088522.0
Ntsr1_tdTpositive_cell_45,8097,0.036056697,4537092.0
Ntsr1_tdTpositive_cell_46,8195,0.026837349,4571250.0
Ntsr1_tdTpositive_cell_47,8172,0.023423795,5227857.0
Ntsr1_tdTpositive_cell_48,8517,0.032895066,5369335.0
Ntsr1_tdTpositive_cell_49,7890,0.034206495,5469767.0
Ntsr1_tdTpositive_cell_50,7890,0.030805811,4310139.5
Ntsr1_tdTpositive_cell_51,8904,0.03605947,3648314.0
Ntsr1_tdTpositive_cell_52,8092,0.027250385,4770386.0
Ntsr1_tdTpositive_cell_53,7785,0.023684788,7821057.5
Ntsr1_tdTpositive_cell_54,7491,0.02594555,3971156.0
Ntsr1_tdTpositive_cell_55,8012,0.020956041,4126089.2
Ntsr1_tdTpositive_cell_56,7506,0.020749832,4416053.5
Ntsr1_tdTpositive_cell_57,8101,0.02295375,4337506.0
Ntsr1_tdTpositive_cell_58,8588,0.022152064,3704171.5
Ntsr1_tdTpositive_cell_59,7581,0.030482592,4741666.5
Ntsr1_tdTpositive_cell_60,6721,0.03239486,7129141.0
Ntsr1_tdTpositive_cell_61,8378,0.027376732,4324503.0
Ntsr1_tdTpositive_cell_62,8390,0.023349302,5049848.0
Ntsr1_tdTpositive_cell_63,8340,0.01989356,4210616.0
Ntsr1_tdTpositive_cell_64,7755,0.025714273,4179565.0
Ntsr1_tdTpositive_cell_65,7563,0.02458906,4528323.0
Ntsr1_tdTpositive_cell_66,8191,0.031068513,4149250.5
Ntsr1_tdTpositive_cell_67,6311,0.029769104,4788657.0
Ntsr1_tdTpositive_cell_68,8003,0.026907843,3812898.5
Ntsr1_tdTpositive_cell_69,7945,0.030306822,4095907.5
Ntsr1_tdTpositive_cell_70,8707,0.027769394,5538044.0
Ntsr1_tdTpositive_cell_71,9168,0.028626822,4190068.5
Ntsr1_tdTpositive_cell_72,8070,0.025014818,4854255.0
Ntsr1_tdTpositive_cell_73,7628,0.03553795,3408888.8
Ntsr1_tdTpositive_cell_74,7427,0.029312905,2871982.0
Ntsr1_tdTpositive_cell_78,5547,0.011954571,1548114.0
Ntsr1_tdTpositive_cell_79,6265,0.017645994,3160397.5
Ntsr1_tdTnegative_cell_1,7563,0.03358754,3304749.0
Ntsr1_tdTnegative_cell_2,5910,0.019943109,3436603.0
Ntsr1_tdTnegative_cell_3,3820,0.09161931,3469477.5
Ntsr1_tdTnegative_cell_4,7849,0.028039644,4525043.0
Ntsr1_tdTnegative_cell_5,4171,0.065423176,3356411.0
Ntsr1_tdTnegative_cell_6,7243,0.03564262,4156565.0
Ntsr1_tdTnegative_cell_7,7529,0.035874385,3118627.5
Ntsr1_tdTnegative_cell_8,8169,0.030241504,3092373.8
Ntsr1_tdTnegative_cell_9,7432,0.032338537,2863215.5
Ntsr1_tdTnegative_cell_10,5144,0.0338314,2457767.2
Ntsr1_tdTnegative_cell_11,4655,0.04200837,2490451.8
Ntsr1_tdTnegative_cell_12,4926,0.03400241,1885869.5
Ntsr1_tdTnegative_cell_13,3743,0.059384007,3042676.5
Ntsr1_tdTnegative_cell_14,4267,0.0792041,2650628.5
Ntsr1_tdTnegative_cell_15,7185,0.030592706,2233625.0
Ntsr1_tdTnegative_cell_16,4358,0.05999193,3643401.8
Ntsr1_tdTnegative_cell_17,5214,0.064903624,2605931.5
Ntsr1_tdTnegative_cell_18,5110,0.029640792,3016277.2
Ntsr1_tdTnegative_cell_19,4086,0.07678636,3401283.0
Ntsr1_tdTnegative_cell_20,6011,0.085187666,1688451.6
Ntsr1_tdTnegative_cell_21,5184,0.06709636,2171752.8
Ntsr1_tdTnegative_cell_22,4935,0.0774963,3737712.5
Ntsr1_tdTnegative_cell_23,6682,0.048625845,3492897.5
Ntsr1_tdTnegative_cell_24,4503,0.06565309,3155465.0
Ntsr1_tdTnegative_cell_25,4652,0.0697229,4579306.0
Ntsr1_tdTnegative_cell_26,4418,0.047566585,3831980.0
Ntsr1_tdTnegative_cell_27,4739,0.07423831,4585315.5
Ntsr1_tdTnegative_cell_28,4897,0.0660031,2514200.5
Ntsr1_tdTnegative_cell_29,4656,0.062328637,2805793.2
Ntsr1_tdTnegative_cell_30,5645,0.08940964,2282695.0
Ntsr1_tdTnegative_cell_31,8695,0.035410237,3710956.0
Ntsr1_tdTnegative_cell_32,6686,0.046372455,4916125.5
Ntsr1_tdTnegative_cell_33,7111,0.06369073,3303723.0
Ntsr1_tdTnegative_cell_34,8905,0.03201245,4236644.0
Ntsr1_tdTnegative_cell_35,7866,0.03482384,2260128.5
Ntsr1_tdTnegative_cell_36,8530,0.024188425,4227634.0
Ntsr1_tdTnegative_cell_37,7868,0.014009689,4037020.0
Ntsr1_tdTnegative_cell_38,4857,0.028859984,3776356.8
Ntsr1_tdTnegative_cell_39,5961,0.025768116,4580411.0
Ntsr1_tdTnegative_cell_40,9354,0.02799646,10420936.0
Ntsr1_tdTnegative_cell_41,4863,0.049812406,7229314.5
Ntsr1_tdTnegative_cell_42,6113,0.010960006,7282787.5
Ntsr1_tdTnegative_cell_43,9748,0.049223676,12825118.0
Ntsr1_tdTnegative_cell_44,3803,0.05533056,5173821.5
Ntsr1_tdTnegative_cell_45,4366,0.06716172,3737419.2
Ntsr1_tdTnegative_cell_46,5253,0.029121742,3633249.0
Ntsr1_tdTnegative_cell_47,8618,0.027774278,7961209.0
Ntsr1_tdTnegative_cell_48,8560,0.025131935,7036133.0
Ntsr1_tdTnegative_cell_49,8280,0.030656964,2952216.5
Ntsr1_tdTnegative_cell_50,7258,0.019828947,3844840.5
Ntsr1_tdTnegative_cell_51,7748,0.027545251,3316488.0
Ntsr1_tdTnegative_cell_52,9040,0.02466938,6018355.0
Ntsr1_tdTnegative_cell_53,7898,0.03113015,5055781.0
Ntsr1_tdTnegative_cell_54,8557,0.020977808,4613885.0
Ntsr1_tdTnegative_cell_55,6466,0.02402988,5412632.0
Ntsr1_tdTnegative_cell_57,4421,0.0072165974,2071833.5
Pvalb_tdTpositive_cell_1,6949,0.047649626,3143243.5
Pvalb_tdTpositive_cell_2,8967,0.07061563,3056229.8
Pvalb_tdTpositive_cell_3,8475,0.06869314,2644359.8
Pvalb_tdTpositive_cell_4,6582,0.08276479,6355372.5
Pvalb_tdTpositive_cell_5,8012,0.103652045,3403745.5
Pvalb_tdTpositive_cell_6,9536,0.067541994,5191325.0
Pvalb_tdTpositive_cell_7,8428,0.067672126,2422304.5
Pvalb_tdTpositive_cell_8,8202,0.07025138,3312444.2
Pvalb_tdTpositive_cell_9,7966,0.07153838,2998132.0
Pvalb_tdTpositive_cell_10,7104,0.044375837,2527739.0
Pvalb_tdTpositive_cell_11,6809,0.050315667,2305233.5
Pvalb_tdTpositive_cell_12,8794,0.064934276,3408370.0
Pvalb_tdTpositive_cell_13,8170,0.065477595,2264965.2
Pvalb_tdTpositive_cell_14,7176,0.05562275,3059218.5
Pvalb_tdTpositive_cell_15,7225,0.061203238,1994638.0
Pvalb_tdTpositive_cell_16,7665,0.054213837,3363256.0
Pvalb_tdTpositive_cell_17,8504,0.060132634,3036583.5
Pvalb_tdTpositive_cell_18,7743,0.05030434,3237920.5
Pvalb_tdTpositive_cell_19,7970,0.05086113,3243189.0
Pvalb_tdTpositive_cell_20,7313,0.05621657,2621108.2
Pvalb_tdTpositive_cell_21,8514,0.06412281,2440124.8
Pvalb_tdTpositive_cell_22,8887,0.064963214,3514954.8
Pvalb_tdTpositive_cell_23,8300,0.05078706,3925829.8
Pvalb_tdTpositive_cell_24,7916,0.051516004,2186890.5
Pvalb_tdTpositive_cell_25,7124,0.055436008,2632021.2
Pvalb_tdTpositive_cell_26,8657,0.0800441,3575655.2
Pvalb_tdTpositive_cell_27,8336,0.07151989,3157599.0
Pvalb_tdTpositive_cell_28,7188,0.05478194,2471188.0
Pvalb_tdTpositive_cell_29,8726,0.077560894,2709948.0
Pvalb_tdTpositive_cell_30,7606,0.06573911,2913057.0
Pvalb_tdTpositive_cell_31,7826,0.056663986,1558687.4
Pvalb_tdTpositive_cell_32,8807,0.06868746,2321154.2
Pvalb_tdTpositive_cell_33,8217,0.06659693,2235611.2
Pvalb_tdTpositive_cell_34,8051,0.052556343,2997238.0
Pvalb_tdTpositive_cell_35,8554,0.06773753,3324056.5
Pvalb_tdTpositive_cell_36,7195,0.052503806,3146971.2
Pvalb_tdTpositive_cell_37,7946,0.059894264,2760536.2
Pvalb_tdTpositive_cell_38,7641,0.06389957,2695402.8
Pvalb_tdTpositive_cell_39,8320,0.05859429,2746507.5
Pvalb_tdTpositive_cell_40,8366,0.07321043,3107747.0
Pvalb_tdTpositive_cell_41,8201,0.0601221,2459743.8
Pvalb_tdTpositive_cell_42,8896,0.08549646,2940930.5
Pvalb_tdTpositive_cell_43,8354,0.06499005,3825378.8
Pvalb_tdTpositive_cell_44,7323,0.047991555,2917500.2
Pvalb_tdTpositive_cell_45,7046,0.06583775,2463026.2
Pvalb_tdTpositive_cell_46,7192,0.056035716,3221019.2
Pvalb_tdTpositive_cell_47,8118,0.07597346,3891865.5
Pvalb_tdTpositive_cell_48,6816,0.05291712,3560269.8
Pvalb_tdTpositive_cell_49,7930,0.06287146,6904250.0
Pvalb_tdTpositive_cell_50,8098,0.045759697,8001745.5
Pvalb_tdTpositive_cell_51,8148,0.061272096,6711056.0
Pvalb_tdTpositive_cell_52,8360,0.039468084,6344277.0
Pvalb_tdTpositive_cell_53,8386,0.051813494,5816298.0
Pvalb_tdTpositive_cell_54,7092,0.045696642,6380205.5
Pvalb_tdTpositive_cell_55,9035,0.06937508,7071111.0
Pvalb_tdTpositive_cell_56,8618,0.062046643,6479666.0
Pvalb_tdTpositive_cell_57,8353,0.057057977,8785346.0
Pvalb_tdTpositive_cell_58,8504,0.051440343,8152246.0
Pvalb_tdTpositive_cell_59,7711,0.047120415,6278941.0
Pvalb_tdTpositive_cell_60,8172,0.06716863,8069236.5
Pvalb_tdTpositive_cell_61,8624,0.052675523,8495446.0
Pvalb_tdTpositive_cell_62,8168,0.05335743,6201589.5
Pvalb_tdTpositive_cell_63,7635,0.046102792,8367543.0
Pvalb_tdTpositive_cell_64,9053,0.050680228,6954272.5
Pvalb_tdTpositive_cell_65,7873,0.0645055,4638934.5
Pvalb_tdTpositive_cell_66,8215,0.05364375,5345330.0
Pvalb_tdTpositive_cell_67,8103,0.0826702,3791364.8
Pvalb_tdTpositive_cell_68,7114,0.047241647,5623991.0
Pvalb_tdTpositive_cell_69,8135,0.06603111,5007471.5
Pvalb_tdTpositive_cell_70,8761,0.061235584,4457218.0
Pvalb_tdTpositive_cell_71,8380,0.064358115,3544521.0
Pvalb_tdTpositive_cell_72,8232,0.06474591,3172474.8
Pvalb_tdTpositive_cell_73,8002,0.0471983,3569109.0
Pvalb_tdTpositive_cell_74,8174,0.05729438,5231295.0
Pvalb_tdTpositive_cell_75,9011,0.062873185,6184476.5
Pvalb_tdTpositive_cell_76,7853,0.045345835,7381750.0
Pvalb_tdTpositive_cell_77,8125,0.041296963,7609064.0
Pvalb_tdTpositive_cell_78,9046,0.05887482,7853722.0
Pvalb_tdTpositive_cell_79,9088,0.056541335,7442829.0
Pvalb_tdTpositive_cell_80,8321,0.046446506,6525697.0
Pvalb_tdTpositive_cell_81,5355,0.068807065,5128786.5
Pvalb_tdTpositive_cell_82,7705,0.076609984,6081820.0
Pvalb_tdTpositive_cell_83,8416,0.047093485,5454726.0
Pvalb_tdTpositive_cell_84,8124,0.046013966,5850092.0
Pvalb_tdTpositive_cell_85,8434,0.05809923,6168649.0
Pvalb_tdTpositive_cell_86,7031,0.121763006,5160368.0
Pvalb_tdTpositive_cell_87,8605,0.05324101,5161257.0
Pvalb_tdTpositive_cell_88,7977,0.048977453,5104033.0
Pvalb_tdTpositive_cell_89,8842,0.06635993,6136997.5
PvalbD-Slc32a1_tdTpositive_cell_1,8979,0.038543534,12217900.0
PvalbD-Slc32a1_tdTpositive_cell_2,9741,0.059642345,12075213.0
PvalbD-Slc32a1_tdTpositive_cell_3,8750,0.0415291,13743992.0
PvalbD-Slc32a1_tdTpositive_cell_4,9192,0.043992523,14285754.0
PvalbD-Slc32a1_tdTpositive_cell_5,9557,0.040404733,13274834.0
PvalbD-Slc32a1_tdTpositive_cell_6,7991,0.05250152,8482482.0
PvalbD-Slc32a1_tdTpositive_cell_7,7906,0.034807514,11086142.0
PvalbD-Slc32a1_tdTpositive_cell_8,9750,0.04312821,12930297.0
PvalbD-Slc32a1_tdTpositive_cell_9,7798,0.07214941,6237297.5
PvalbD-Slc32a1_tdTpositive_cell_10,7333,0.060900357,5113170.0
PvalbD-Slc32a1_tdTpositive_cell_11,7553,0.07080377,4997388.5
PvalbD-Slc32a1_tdTpositive_cell_12,7674,0.047987517,5365366.0
PvalbD-Slc32a1_tdTpositive_cell_13,8351,0.03895722,7964222.0
PvalbD-Slc32a1_tdTpositive_cell_14,6928,0.046988923,5255731.5
PvalbD-Slc32a1_tdTpositive_cell_15,6361,0.032368574,5328208.0
PvalbD-Slc32a1_tdTpositive_cell_16,6778,0.03735471,4745536.0
PvalbD-Slc32a1_tdTpositive_cell_17,8646,0.07157067,3826234.2
PvalbD-Slc32a1_tdTpositive_cell_18,9475,0.08608963,2496795.0
PvalbD-Slc32a1_tdTpositive_cell_19,7334,0.058074374,5524874.0
PvalbD-Slc32a1_tdTpositive_cell_20,8596,0.08651052,4668775.0
PvalbD-Slc32a1_tdTpositive_cell_21,8302,0.041535657,2957595.5
PvalbD-Slc32a1_tdTpositive_cell_22,7337,0.043492768,6269819.5
PvalbD-Slc32a1_tdTpositive_cell_23,9329,0.076888315,6313716.0
PvalbD-Slc32a1_tdTpositive_cell_24,7765,0.059024107,5402135.0
PvalbD-Slc32a1_tdTpositive_cell_25,8074,0.0538174,5243259.0
PvalbD-Slc32a1_tdTpositive_cell_26,8511,0.06998769,2466299.0
PvalbD-Slc32a1_tdTpositive_cell_27,6538,0.045467358,2536861.8
PvalbD-Slc32a1_tdTpositive_cell_28,8103,0.057474636,2455671.0
PvalbD-Slc32a1_tdTpositive_cell_29,6458,0.046814967,1646029.8
PvalbD-Slc32a1_tdTpositive_cell_30,8127,0.031698633,6940415.0
PvalbD-Slc32a1_tdTpositive_cell_31,7671,0.032474123,3833100.5
PvalbD-Slc32a1_tdTpositive_cell_32,9443,0.047469813,6340319.0
PvalbD-Slc32a1_tdTpositive_cell_33,8536,0.043371357,5567943.0
PvalbD-Slc32a1_tdTpositive_cell_34,8594,0.032734416,7258214.0
PvalbD-Slc32a1_tdTpositive_cell_35,8175,0.04169223,8078662.0
PvalbD-Slc32a1_tdTpositive_cell_36,9863,0.056906667,12688846.0
PvalbD-Slc32a1_tdTpositive_cell_37,8786,0.039905846,7616235.0
PvalbD-Slc32a1_tdTpositive_cell_38,7460,0.04781594,3578481.8
PvalbD-Slc32a1_tdTpositive_cell_39,9608,0.044759728,6726283.0
PvalbD-Slc32a1_tdTpositive_cell_40,8839,0.033454478,6194726.0
PvalbD-Slc32a1_tdTpositive_cell_41,7732,0.07948777,3660087.0
PvalbD-Slc32a1_tdTpositive_cell_42,7053,0.043008097,5490648.0
PvalbD-Slc32a1_tdTpositive_cell_43,8642,0.045437388,8806169.0
PvalbD-Slc32a1_tdTpositive_cell_44,8596,0.03320628,8650838.0
PvalbF-Gad2_tdTpositive_cell_1,8573,0.07041436,3393871.2
PvalbF-Gad2_tdTpositive_cell_2,7758,0.08213568,2950493.5
PvalbF-Gad2_tdTpositive_cell_3,6610,0.09403079,3531970.0
PvalbF-Gad2_tdTpositive_cell_4,8044,0.14424422,3360759.0
PvalbF-Gad2_tdTpositive_cell_5,8908,0.060653627,4438687.5
PvalbF-Gad2_tdTpositive_cell_6,8889,0.05734361,3355566.5
PvalbF-Gad2_tdTpositive_cell_7,8156,0.05039482,3604714.5
PvalbF-Gad2_tdTpositive_cell_8,9491,0.057384394,5052847.0
PvalbF-Gad2_tdTpositive_cell_9,7929,0.085027225,3695162.0
PvalbF-Gad2_tdTpositive_cell_10,8988,0.08246029,3396625.0
PvalbF-Gad2_tdTpositive_cell_11,7321,0.117445186,3485745.5
PvalbF-Gad2_tdTpositive_cell_12,8702,0.062212233,3130438.0
PvalbF-Gad2_tdTpositive_cell_13,9526,0.05321838,3977222.0
PvalbF-Gad2_tdTpositive_cell_14,9091,0.064644426,3697240.0
PvalbF-Gad2_tdTpositive_cell_15,8769,0.066729136,4318202.0
PvalbF-Gad2_tdTpositive_cell_16,8831,0.05481508,4444138.5
PvalbF-Gad2_tdTpositive_cell_17,7863,0.08591292,3924348.2
PvalbF-Gad2_tdTpositive_cell_18,9388,0.08251187,2934097.0
PvalbF-Gad2_tdTpositive_cell_19,8995,0.06774023,5393670.5
PvalbF-Gad2_tdTpositive_cell_20,8525,0.07580953,3433798.5
PvalbF-Gad2_tdTpositive_cell_21,8337,0.07917434,4301171.0
PvalbF-Gad2_tdTpositive_cell_22,9133,0.06018961,4710468.5
PvalbF-Gad2_tdTpositive_cell_23,8217,0.07175955,4009121.8
PvalbF-Gad2_tdTpositive_cell_24,7792,0.1050174,4907392.5
PvalbF-Gad2_tdTpositive_cell_25,7949,0.12413267,3233448.5
PvalbF-Gad2_tdTpositive_cell_26,7779,0.07338466,3376532.0
PvalbF-Gad2_tdTpositive_cell_27,8216,0.09097461,3328932.8
PvalbF-Gad2_tdTpositive_cell_28,8172,0.11505985,5017039.0
PvalbF-Gad2_tdTpositive_cell_30,8706,0.098605484,3355537.0
PvalbF-Gad2_tdTpositive_cell_32,8203,0.104944244,4173318.0
PvalbF-Gad2_tdTpositive_cell_34,8748,0.07929687,3589280.0
PvalbF-Gad2_tdTpositive_cell_37,7634,0.09440579,4105876.5
PvalbF-Gad2_tdTpositive_cell_38,7811,0.09795381,2855661.0
PvalbF-Gad2_tdTpositive_cell_39,8145,0.07048501,3751174.5
PvalbF-Gad2_tdTpositive_cell_40,8707,0.06487858,3510845.8
PvalbF-Gad2_tdTpositive_cell_41,8337,0.049702756,4151183.5
PvalbF-Gad2_tdTpositive_cell_42,8442,0.07754179,3909406.2
PvalbF-Gad2_tdTpositive_cell_43,9515,0.07424524,3637853.0
PvalbF-Gad2_tdTpositive_cell_44,8347,0.07655741,3515583.5
PvalbF-Gad2_tdTpositive_cell_45,9149,0.06497248,7899102.5
PvalbF-Gad2_tdTpositive_cell_46,9003,0.05472536,4395094.5
PvalbF-Gad2_tdTpositive_cell_47,8912,0.058066662,4921820.5
PvalbF-Gad2_tdTpositive_cell_48,9166,0.04685155,4775377.0
PvalbF-Gad2_tdTpositive_cell_49,8229,0.053535342,4737006.0
PvalbF-Gad2_tdTpositive_cell_50,7504,0.041500594,3670417.2
PvalbF-Gad2_tdTpositive_cell_51,7926,0.04737401,4456782.0
PvalbF-Gad2_tdTpositive_cell_52,8658,0.06289032,3603433.5
PvalbF-Gad2_tdTpositive_cell_53,8671,0.067286104,4342901.5
PvalbF-Gad2_tdTpositive_cell_54,8785,0.047770966,4167241.8
PvalbF-Gad2_tdTpositive_cell_55,8696,0.056634255,4076963.8
PvalbF-Gad2_tdTpositive_cell_56,8617,0.061139565,5007033.0
PvalbF-Gad2_tdTpositive_cell_57,8483,0.06161271,4797900.0
PvalbF-Gad2_tdTpositive_cell_58,8465,0.05935142,5205396.5
PvalbF-Gad2_tdTpositive_cell_59,7803,0.065443285,5617793.0
PvalbF-Gad2_tdTpositive_cell_60,8911,0.06039545,6134701.0
PvalbF-Gad2_tdTpositive_cell_61,8679,0.06878432,6551936.0
PvalbF-Gad2_tdTpositive_cell_62,8477,0.059426248,5065308.0
PvalbF-Gad2_tdTpositive_cell_63,9123,0.06990419,7450628.5
PvalbF-Gad2_tdTpositive_cell_64,8239,0.051352713,5279740.0
PvalbF-Gad2_tdTpositive_cell_65,8553,0.062497023,5027178.5
PvalbF-Gad2_tdTpositive_cell_66,9004,0.064593844,4881527.0
PvalbF-Gad2_tdTpositive_cell_67,8243,0.05466709,5028782.0
PvalbF-Gad2_tdTpositive_cell_68,8697,0.059691623,4898949.5
PvalbF-Gad2_tdTpositive_cell_69,8873,0.054980874,5354843.5
PvalbF-Gad2_tdTpositive_cell_70,8789,0.056958854,4983569.0
PvalbF-Gad2_tdTpositive_cell_71,8510,0.057520397,4874913.0
PvalbF-Gad2_tdTpositive_cell_72,8205,0.061851054,5429927.0
PvalbF-Gad2_tdTpositive_cell_73,8588,0.059876498,4888792.5
PvalbF-Gad2_tdTpositive_cell_74,7467,0.05540619,4450661.0
PvalbF-Gad2_tdTpositive_cell_75,7910,0.052975792,5551724.5
PvalbF-Gad2_tdTpositive_cell_76,8984,0.05481927,4826683.0
PvalbF-Gad2_tdTpositive_cell_77,8667,0.06257816,5102732.0
PvalbF-Gad2_tdTpositive_cell_78,9349,0.06495064,6495744.5
PvalbF-Gad2_tdTpositive_cell_79,7853,0.05663154,4529063.0
PvalbF-Gad2_tdTpositive_cell_80,9552,0.07799092,10329320.0
PvalbF-Gad2_tdTpositive_cell_81,9375,0.0628121,5370724.0
PvalbF-Gad2_tdTpositive_cell_82,8240,0.058995817,6170720.5
PvalbF-Gad2_tdTpositive_cell_83,9122,0.062815644,5427111.0
PvalbF-Gad2_tdTpositive_cell_84,8278,0.038789913,4950168.0
PvalbF-Gad2_tdTpositive_cell_85,8087,0.05030925,4932941.5
PvalbF-Gad2_tdTpositive_cell_86,8605,0.048742242,6257624.0
PvalbF-Gad2_tdTpositive_cell_87,8336,0.03816967,5944782.0
PvalbF-Gad2_tdTpositive_cell_93,8206,0.07342574,2448956.5
PvalbF-Gad2_tdTpositive_cell_94,9579,0.097122766,7768647.0
Rbp4_tdTpositive_cell_1,9314,0.025884459,9936336.0
Rbp4_tdTpositive_cell_2,9044,0.03463836,12332615.0
Rbp4_tdTpositive_cell_3,7400,0.031906456,3063711.5
Rbp4_tdTpositive_cell_4,7786,0.025134614,3259411.0
Rbp4_tdTpositive_cell_5,7609,0.029619714,3660618.2
Rbp4_tdTpositive_cell_6,8408,0.03788841,5920565.5
Rbp4_tdTpositive_cell_7,9088,0.046650883,7106304.0
Rbp4_tdTpositive_cell_8,9922,0.05425756,9363676.0
Rbp4_tdTpositive_cell_9,8209,0.039953668,5744530.0
Rbp4_tdTpositive_cell_10,9184,0.039908946,5538083.5
Rbp4_tdTpositive_cell_11,8987,0.030973012,4492250.0
Rbp4_tdTpositive_cell_12,8706,0.036286764,4969225.0
Rbp4_tdTpositive_cell_13,8313,0.032681167,5085291.0
Rbp4_tdTpositive_cell_14,7912,0.028329814,4741436.0
Rbp4_tdTpositive_cell_15,8618,0.040519875,5211713.5
Rbp4_tdTpositive_cell_16,7427,0.032677542,4959024.0
Rbp4_tdTpositive_cell_18,8391,0.03709645,6673977.0
Rbp4_tdTpositive_cell_19,9102,0.048119742,5895227.0
Rbp4_tdTpositive_cell_20,8549,0.042259865,6468979.0
Rbp4_tdTpositive_cell_21,9104,0.04277145,6024695.0
Rbp4_tdTpositive_cell_22,8498,0.046850868,5434813.0
Rbp4_tdTpositive_cell_23,9231,0.05161123,6432252.0
Rbp4_tdTpositive_cell_24,8182,0.035634637,5848817.0
Rbp4_tdTpositive_cell_25,8193,0.046378363,7129963.0
Rbp4_tdTpositive_cell_26,8727,0.033609148,7360279.0
Rbp4_tdTpositive_cell_27,9123,0.043444514,7856518.5
Rbp4_tdTpositive_cell_28,8780,0.033036824,5835881.0
Rbp4_tdTpositive_cell_29,8261,0.035956692,5805827.0
Rbp4_tdTpositive_cell_30,8456,0.048900478,5084932.0
Rbp4_tdTpositive_cell_31,8284,0.04245176,5183283.0
Rbp4_tdTpositive_cell_32,9104,0.039948627,7183044.0
Rbp4_tdTpositive_cell_33,9259,0.051305614,6399432.0
Rbp4_tdTpositive_cell_34,8828,0.03898236,8522653.0
Rbp4_tdTpositive_cell_35,8440,0.037519585,5190871.5
Rbp4_tdTpositive_cell_36,8221,0.049971472,4878203.5
Rbp4_tdTpositive_cell_37,9155,0.034227803,6567533.0
Rbp4_tdTpositive_cell_38,9311,0.039442267,5126904.0
Rbp4_tdTpositive_cell_39,9301,0.042638294,5293081.0
Rbp4_tdTpositive_cell_40,8202,0.029745635,5152525.0
Rbp4_tdTpositive_cell_41,7831,0.036237296,4329112.0
Rbp4_tdTpositive_cell_42,8545,0.06818513,5688888.5
Rbp4_tdTpositive_cell_43,9463,0.04210263,6240931.0
Rbp4_tdTpositive_cell_44,8226,0.058210872,5698120.0
Rbp4_tdTpositive_cell_45,9902,0.048968773,6186736.5
Rbp4_tdTpositive_cell_46,8111,0.03923949,6201797.0
Rbp4_tdTpositive_cell_47,8247,0.030268485,4325988.5
Rbp4_tdTpositive_cell_48,8846,0.03261048,6348370.0
Rbp4_tdTpositive_cell_49,8392,0.038912363,5665218.0
Rbp4_tdTpositive_cell_50,8193,0.03378274,4157952.5
Rbp4_tdTpositive_cell_51,9296,0.063565955,9482730.0
Rbp4_tdTpositive_cell_52,8963,0.04106047,4849035.0
Rbp4_tdTpositive_cell_53,7253,0.06445792,6253677.0
Rbp4_tdTpositive_cell_54,8482,0.029934548,5378614.0
Rbp4_tdTpositive_cell_55,8420,0.042637695,5822142.0
Rbp4_tdTpositive_cell_56,8462,0.03290874,5639563.0
Rbp4_tdTpositive_cell_57,9498,0.032930877,4784661.5
Rbp4_tdTpositive_cell_58,8889,0.030994033,5341439.5
Rbp4_tdTpositive_cell_60,8555,0.03040481,7109584.0
Rbp4_tdTpositive_cell_61,7020,0.04465028,8107794.0
Rbp4_tdTpositive_cell_62,7959,0.023703147,3285754.8
Rbp4_tdTpositive_cell_63,8571,0.022852436,5313019.0
Rbp4_tdTpositive_cell_64,9772,0.053664546,4123453.0
Rbp4_tdTpositive_cell_65,8519,0.02297296,14323194.0
Rbp4_tdTpositive_cell_66,7913,0.028807571,3796649.0
Rbp4_tdTpositive_cell_67,9062,0.029475136,8485891.0
Rbp4_tdTpositive_cell_68,9105,0.031372666,9055876.0
Rbp4_tdTpositive_cell_69,7948,0.017388755,4950313.0
Rbp4_tdTpositive_cell_70,9520,0.03222967,5817549.0
Rbp4_tdTpositive_cell_71,9325,0.024820015,16588080.0
Rbp4_tdTpositive_cell_72,9808,0.03914239,10565245.0
Rbp4_tdTpositive_cell_73,9056,0.027789615,7157403.0
Rbp4_tdTpositive_cell_74,9189,0.04011319,3841967.2
Rbp4_tdTpositive_cell_75,8794,0.032006375,3172371.5
Rbp4_tdTpositive_cell_76,8415,0.02175353,4569424.0
Rbp4_tdTpositive_cell_77,8218,0.03047009,5220254.0
Rbp4_tdTpositive_cell_78,8841,0.022483468,5364600.5
Rbp4_tdTpositive_cell_79,7701,0.022642149,666860.7
Rbp4_tdTpositive_cell_80,8559,0.024631897,3586190.5
Rbp4_tdTpositive_cell_81,9085,0.033934034,3403664.0
Rbp4_tdTpositive_cell_82,8615,0.019825906,3726041.5
Rbp4_tdTpositive_cell_83,8404,0.026330203,4188073.0
Rbp4_tdTpositive_cell_84,9582,0.035407294,4586165.0
Rbp4_tdTpositive_cell_85,6933,0.017065506,929392.6
Rbp4_tdTpositive_cell_86,7476,0.024623463,3184544.5
Rbp4_tdTpositive_cell_87,8427,0.03511735,2988485.8
Rbp4_tdTpositive_cell_88,7294,0.024642976,2728371.5
Rbp4_tdTpositive_cell_89,4508,0.048205614,5295598.5
Rbp4_tdTpositive_cell_90,8761,0.02744755,4938851.0
Rbp4_tdTpositive_cell_91,9145,0.036079887,5541581.0
Rbp4_tdTpositive_cell_92,8800,0.023753395,6145049.0
Rbp4_tdTpositive_cell_93,8464,0.038930263,3165960.2
Rbp4_tdTpositive_cell_94,7834,0.025449574,4420793.0
Rbp4_tdTpositive_cell_95,9316,0.040268485,5243854.0
Rbp4_tdTpositive_cell_96,8771,0.019860024,6856410.0
Rbp4_tdTpositive_cell_97,7289,0.024568524,6736283.5
Rbp4_tdTpositive_cell_98,7585,0.021127336,4915466.0
Rbp4_tdTpositive_cell_99,6223,0.027757881,5924814.5
Rbp4_tdTpositive_cell_100,8984,0.027127758,4834319.0
Rbp4_tdTpositive_cell_101,9059,0.035867978,6426421.0
Rbp4_tdTpositive_cell_102,8292,0.043425787,5070172.0
Rbp4_tdTpositive_cell_103,8630,0.02552708,6151293.0
Rbp4_tdTpositive_cell_104,7838,0.018012132,5438076.0
Rbp4_tdTpositive_cell_105,7554,0.02703877,5458191.5
Rbp4_tdTpositive_cell_106,7798,0.039268218,5176818.0
Rbp4_tdTpositive_cell_107,8462,0.02293886,5542364.0
Rbp4_tdTpositive_cell_108,7850,0.027209066,6247054.0
Rbp4_tdTpositive_cell_109,8667,0.036044918,5534327.5
Rbp4_tdTpositive_cell_110,8934,0.041534103,7676993.5
Rbp4_tdTpositive_cell_111,7958,0.02791196,3964620.5
Rbp4_tdTpositive_cell_112,7392,0.022246903,4055252.0
Rbp4_tdTpositive_cell_113,7843,0.032986112,3761409.2
Rbp4_tdTpositive_cell_114,9067,0.03683757,4742836.0
Rbp4_tdTpositive_cell_115,7087,0.022261845,3661771.5
Rbp4_tdTpositive_cell_116,7415,0.025796708,3876921.0
Rbp4_tdTpositive_cell_117,8657,0.03890673,4598510.0
Rbp4_tdTpositive_cell_118,8219,0.034487244,2892030.0
Rbp4_tdTpositive_cell_119,8245,0.033708088,3268070.5
Rbp4_tdTpositive_cell_120,7864,0.037336845,3885213.8
Rbp4_tdTpositive_cell_121,6274,0.017177781,2835703.2
Rbp4_tdTpositive_cell_122,8276,0.026339062,3048612.8
Rbp4_tdTpositive_cell_123,6837,0.018832358,5757057.0
Rbp4_tdTpositive_cell_124,7855,0.028413307,3148090.5
Rbp4_tdTpositive_cell_126,8432,0.044372972,5784895.0
Rbp4_tdTpositive_cell_127,9396,0.039249957,7526638.0
Rbp4_tdTpositive_cell_129,8733,0.035958048,5574161.5
Rbp4_tdTpositive_cell_130,9202,0.05424364,5243496.0
Rbp4_tdTpositive_cell_131,9102,0.04310478,4853724.0
Rbp4_tdTpositive_cell_132,9411,0.036094137,5287899.0
Rbp4_tdTpositive_cell_133,8931,0.040874265,4631078.0
Rbp4_tdTpositive_cell_134,9298,0.05033635,4162311.8
Rbp4_tdTpositive_cell_135,8581,0.02113415,5404122.0
Rbp4_tdTpositive_cell_136,9171,0.03065931,8038881.0
Rbp4_tdTpositive_cell_137,8592,0.02110718,8892786.0
Rbp4_tdTpositive_cell_138,9892,0.03870014,8913285.0
Rbp4_tdTpositive_cell_139,9724,0.032326702,7389358.0
Rbp4_tdTpositive_cell_140,9726,0.031744555,10260595.0
Rbp4_tdTpositive_cell_141,9108,0.025072312,8892912.0
Rbp4_tdTpositive_cell_142,8884,0.027959522,4056379.8
Rbp4_tdTpositive_cell_143,9131,0.022489551,4658257.0
Rbp4_tdTpositive_cell_144,8181,0.023073642,3977764.0
Rbp4_tdTpositive_cell_145,8686,0.054819815,3546939.5
Rbp4_tdTpositive_cell_146,9496,0.026983937,4408929.0
Rbp4_tdTpositive_cell_147,8794,0.025173707,6027976.0
Rbp4_tdTpositive_cell_148,9808,0.037527043,9025612.0
Rbp4_tdTpositive_cell_149,9499,0.037514202,10522139.0
Rbp4_tdTpositive_cell_150,7385,0.020628965,4464885.0
Rbp4_tdTpositive_cell_151,8976,0.0541536,7446133.0
Rbp4_tdTpositive_cell_152,9760,0.031424392,6218797.5
Rbp4_tdTpositive_cell_153,8422,0.02230659,6562591.5
Rbp4_tdTpositive_cell_154,8311,0.022294391,6349133.5
Rbp4_tdTpositive_cell_155,9028,0.031771164,6920710.0
Rbp4_tdTpositive_cell_156,8502,0.025683245,7928389.0
Rbp4_tdTpositive_cell_157,8206,0.020195907,6635993.5
Rbp4_tdTpositive_cell_158,8571,0.02970604,5657755.0
Rbp4_tdTpositive_cell_159,8111,0.025387695,4461376.5
Rbp4_tdTpositive_cell_160,7863,0.024376782,5000446.5
Rbp4_tdTpositive_cell_161,7458,0.02318262,5559190.0
Rbp4_tdTpositive_cell_162,8725,0.025625732,6964999.5
Rbp4_tdTpositive_cell_163,8197,0.02888252,6523781.5
Rbp4_tdTpositive_cell_164,9196,0.028846025,7097086.5
Rbp4_tdTpositive_cell_166,9136,0.024402037,5958713.0
Rbp4_tdTpositive_cell_167,8922,0.022836681,4926797.0
Rbp4_tdTpositive_cell_168,8676,0.021867424,4074585.5
Rbp4_tdTpositive_cell_169,9413,0.026065443,4525768.0
Rbp4_tdTpositive_cell_170,9406,0.025353292,5093104.5
Rbp4_tdTpositive_cell_171,9040,0.027261093,4851798.5
Rbp4_tdTpositive_cell_172,8885,0.030320918,6623279.5
Rbp4_tdTpositive_cell_173,8701,0.022953125,7560912.5
Rbp4_tdTpositive_cell_174,7965,0.12591872,2080602.5
Rbp4_tdTpositive_cell_175,7314,0.017229637,1396407.2
Rbp4_tdTpositive_cell_176,8595,0.06403664,2147446.0
Rbp4_tdTpositive_cell_177,8817,0.055542946,2576022.5
Rbp4_tdTpositive_cell_178,9435,0.041925587,3524898.2
Rbp4_tdTpositive_cell_179,7819,0.056815166,5816083.0
Rbp4_tdTpositive_cell_180,9394,0.06398946,3124687.5
Rbp4_tdTpositive_cell_184,9976,0.052656002,6871029.5
Rbp4_tdTpositive_cell_185,9167,0.058275703,4950528.0
Rbp4_tdTpositive_cell_187,9537,0.059459202,8406603.0
Rbp4_tdTpositive_cell_189,9369,0.048988853,5686797.0
Rbp4_tdTnegative_cell_1,6918,0.08254055,7630706.0
Rbp4_tdTnegative_cell_2,5366,0.04193486,2726488.5
Rbp4_tdTnegative_cell_3,6699,0.03761795,5790671.0
Rbp4_tdTnegative_cell_4,4014,0.06401065,4379937.0
Rbp4_tdTnegative_cell_5,7448,0.04189746,6828360.0
Rbp4_tdTnegative_cell_6,6994,0.010429049,3393931.0
Rbp4_tdTnegative_cell_7,7652,0.05911723,7869412.0
Rbp4_tdTnegative_cell_9,6162,0.009401155,3084111.8
Rbp4_tdTnegative_cell_10,3691,0.03489942,1466701.5
Rbp4_tdTnegative_cell_11,6680,0.017071417,6205234.0
Rbp4_tdTnegative_cell_12,5375,0.071446806,7452550.0
Rbp4_tdTnegative_cell_13,4237,0.025544448,1585258.2
Rbp4_tdTnegative_cell_14,5876,0.08423495,2664866.5
Rbp4_tdTnegative_cell_15,6052,0.06880746,4550806.5
Rbp4_tdTnegative_cell_16,5910,0.060608946,4862730.5
Rbp4_tdTnegative_cell_17,4819,0.04485182,1917672.6
Rbp4_tdTnegative_cell_18,4005,0.09801996,2648604.8
Rbp4_tdTnegative_cell_19,4806,0.0719465,2551908.5
Rbp4_tdTnegative_cell_20,5701,0.03801886,6874380.0
Rbp4_tdTnegative_cell_21,5389,0.07263127,9228963.0
Rbp4_tdTnegative_cell_22,4181,0.08037117,3190800.0
Rbp4_tdTnegative_cell_23,4863,0.06167812,4050229.2
Rorb_tdTpositive_cell_1,7131,0.021745853,5401633.0
Rorb_tdTpositive_cell_2,7904,0.023442026,10434742.0
Rorb_tdTpositive_cell_3,7630,0.023498872,8076406.0
Rorb_tdTpositive_cell_4,8651,0.027328718,6570110.0
Rorb_tdTpositive_cell_5,7595,0.018041085,9318403.0
Rorb_tdTpositive_cell_6,8062,0.025113704,6028431.0
Rorb_tdTpositive_cell_7,8311,0.028322328,4916828.0
Rorb_tdTpositive_cell_8,7857,0.023244005,4672939.0
Rorb_tdTpositive_cell_9,8012,0.02223183,4262336.5
Rorb_tdTpositive_cell_10,8766,0.030424446,3565011.0
Rorb_tdTpositive_cell_11,5958,0.017808642,2315762.5
Rorb_tdTpositive_cell_12,6369,0.018027775,1377717.5
Rorb_tdTpositive_cell_13,6792,0.022366818,2637808.0
Rorb_tdTpositive_cell_14,6582,0.020407308,2220628.5
Rorb_tdTpositive_cell_15,6964,0.015176395,3127438.8
Rorb_tdTpositive_cell_16,7225,0.020687276,7728881.0
Rorb_tdTpositive_cell_17,7481,0.020476002,3542676.5
Rorb_tdTpositive_cell_18,8339,0.019724347,11096834.0
Rorb_tdTpositive_cell_19,9001,0.028422296,11107732.0
Rorb_tdTpositive_cell_20,6977,0.018402765,3965502.5
Rorb_tdTpositive_cell_21,7189,0.022198414,6954525.0
Rorb_tdTpositive_cell_22,7214,0.026350118,3719653.5
Rorb_tdTpositive_cell_23,9135,0.022245526,6493038.0
Rorb_tdTpositive_cell_24,9684,0.03213364,20281008.0
Rorb_tdTpositive_cell_25,9683,0.028234234,8102492.5
Rorb_tdTpositive_cell_27,9638,0.0307881,7767767.0
Rorb_tdTpositive_cell_28,9403,0.03389422,12095430.0
Rorb_tdTpositive_cell_29,9378,0.037186664,7299872.0
Rorb_tdTpositive_cell_30,8293,0.02464565,4498237.0
Rorb_tdTpositive_cell_31,9481,0.03584501,15139262.0
Rorb_tdTpositive_cell_32,8963,0.030031962,18963132.0
Rorb_tdTpositive_cell_33,8951,0.024061874,19296188.0
Rorb_tdTpositive_cell_34,9434,0.028779652,19398908.0
Rorb_tdTpositive_cell_35,8384,0.030083792,17961648.0
Rorb_tdTpositive_cell_36,8934,0.027777772,20001446.0
Rorb_tdTpositive_cell_37,9086,0.029382635,17970742.0
Rorb_tdTpositive_cell_38,9141,0.03317798,18551088.0
Rorb_tdTpositive_cell_39,7424,0.0436479,5769144.0
Rorb_tdTpositive_cell_40,9380,0.028644105,8446473.0
Rorb_tdTpositive_cell_42,9558,0.022229362,8883814.0
Rorb_tdTpositive_cell_43,8016,0.020828934,6858246.0
Rorb_tdTpositive_cell_44,8994,0.022255559,7044975.5
Rorb_tdTpositive_cell_45,8033,0.019513858,8586508.0
Rorb_tdTpositive_cell_46,8937,0.030990932,9663474.0
Rorb_tdTpositive_cell_47,7631,0.051944196,5103599.0
Rorb_tdTpositive_cell_48,8873,0.027979555,4399831.0
Rorb_tdTpositive_cell_49,8848,0.02365286,6368524.0
Rorb_tdTpositive_cell_50,9462,0.022446547,6520967.0
Rorb_tdTpositive_cell_51,9411,0.025489915,6200261.5
Rorb_tdTpositive_cell_53,9634,0.02371053,8177506.5
Rorb_tdTpositive_cell_54,8678,0.05918418,11260368.0
Rorb_tdTpositive_cell_55,6474,0.04125858,3362998.5
Scnn1a-Tg2_tdTpositive_cell_3,9953,0.058905397,13283975.0
Scnn1a-Tg2_tdTpositive_cell_4,9439,0.058271643,13273516.0
Scnn1a-Tg2_tdTpositive_cell_5,9360,0.056668565,13368602.0
Scnn1a-Tg2_tdTpositive_cell_6,7976,0.031469584,5149801.5
Scnn1a-Tg2_tdTpositive_cell_7,7625,0.035850696,4095202.5
Scnn1a-Tg2_tdTpositive_cell_8,8238,0.025663149,4339769.0
Scnn1a-Tg2_tdTpositive_cell_9,8716,0.03047049,3963940.0
Scnn1a-Tg2_tdTpositive_cell_10,9111,0.034604292,10432178.0
Scnn1a-Tg2_tdTpositive_cell_11,8063,0.028385121,5226241.0
Scnn1a-Tg2_tdTpositive_cell_12,8328,0.028905362,4160808.5
Scnn1a-Tg2_tdTpositive_cell_13,8343,0.02693349,5303639.0
Scnn1a-Tg2_tdTpositive_cell_14,7827,0.02278293,3956051.8
Scnn1a-Tg2_tdTpositive_cell_15,7641,0.043395214,5430286.0
Scnn1a-Tg2_tdTpositive_cell_16,8062,0.02494783,6031987.5
Scnn1a-Tg2_tdTpositive_cell_17,7481,0.018115671,3954288.5
Scnn1a-Tg2_tdTpositive_cell_18,8491,0.025919309,9324072.0
Scnn1a-Tg2_tdTpositive_cell_19,8599,0.0227736,4153463.5
Scnn1a-Tg2_tdTpositive_cell_20,8538,0.035143152,9440290.0
Scnn1a-Tg2_tdTpositive_cell_21,5285,0.020216603,3446827.0
Scnn1a-Tg2_tdTnegative_cell_1,5550,0.027251573,3243792.0
Scnn1a-Tg2_tdTnegative_cell_2,9349,0.020024404,7414949.0
Scnn1a-Tg2_tdTnegative_cell_3,7595,0.044681713,4750462.0
Scnn1a-Tg2_tdTnegative_cell_4,8116,0.06899827,7794995.0
Scnn1a-Tg2_tdTnegative_cell_5,8726,0.038584664,5949732.0
Scnn1a-Tg2_tdTnegative_cell_6,6256,0.05371033,4049526.0
Scnn1a-Tg2_tdTnegative_cell_7,9261,0.02010349,8749770.0
Scnn1a-Tg2_tdTnegative_cell_8,8417,0.018569753,7754282.5
Scnn1a-Tg2_tdTnegative_cell_9,5670,0.014775369,3032512.5
Scnn1a-Tg2_tdTnegative_cell_10,8407,0.016849704,5380148.5
Scnn1a-Tg2_tdTnegative_cell_11,5887,0.026834447,2945116.5
Scnn1a-Tg2_tdTnegative_cell_12,6927,0.021371612,3482580.8
Scnn1a-Tg2_tdTnegative_cell_13,7774,0.0020475553,5108199.0
Scnn1a-Tg2_tdTnegative_cell_14,6806,0.025660032,5587368.0
Scnn1a-Tg2_tdTnegative_cell_15,6290,0.036106393,3496975.2
Scnn1a-Tg2_tdTnegative_cell_16,6451,0.04522208,7095440.5
Scnn1a-Tg2_tdTnegative_cell_17,5258,0.040422134,7166488.0
Scnn1a-Tg2_tdTnegative_cell_18,6004,0.056127306,3126564.8
Scnn1a-Tg2_tdTnegative_cell_19,6247,0.062074814,5119974.0
Scnn1a-Tg3_tdTpositive_cell_1,8551,0.027108656,4337859.0
Scnn1a-Tg3_tdTpositive_cell_3,8109,0.024494052,4671809.0
Scnn1a-Tg3_tdTpositive_cell_4,9195,0.015277707,11252344.0
Scnn1a-Tg3_tdTpositive_cell_5,9570,0.041116472,4060893.0
Scnn1a-Tg3_tdTpositive_cell_6,9394,0.023949584,12643616.0
Scnn1a-Tg3_tdTpositive_cell_8,7514,0.016771419,6740646.0
Scnn1a-Tg3_tdTpositive_cell_9,7877,0.018834272,6316228.0
Scnn1a-Tg3_tdTpositive_cell_10,7405,0.0342322,4935334.0
Scnn1a-Tg3_tdTpositive_cell_11,8078,0.01927153,5746279.5
Scnn1a-Tg3_tdTpositive_cell_12,8735,0.022983713,5549692.0
Scnn1a-Tg3_tdTpositive_cell_13,7404,0.020718247,5157875.5
Scnn1a-Tg3_tdTpositive_cell_14,7608,0.024177615,6682638.0
Scnn1a-Tg3_tdTpositive_cell_15,7059,0.01645299,5089496.5
Scnn1a-Tg3_tdTpositive_cell_16,7537,0.016652968,5902232.0
Scnn1a-Tg3_tdTpositive_cell_17,7568,0.0183377,3376113.8
Scnn1a-Tg3_tdTpositive_cell_18,7418,0.019280428,2689868.5
Scnn1a-Tg3_tdTpositive_cell_19,8384,0.03421594,2401267.0
Scnn1a-Tg3_tdTpositive_cell_20,8054,0.02096914,6535347.5
Scnn1a-Tg3_tdTpositive_cell_21,8260,0.026124556,5875085.0
Scnn1a-Tg3_tdTpositive_cell_22,8136,0.03121283,5731044.0
Scnn1a-Tg3_tdTpositive_cell_23,7375,0.023338009,3261163.5
Scnn1a-Tg3_tdTpositive_cell_24,5415,0.024708284,6091851.0
Scnn1a-Tg3_tdTpositive_cell_25,7562,0.01798377,4460650.0
Scnn1a-Tg3_tdTpositive_cell_26,7531,0.021697985,3978820.0
Scnn1a-Tg3_tdTpositive_cell_27,7460,0.021040052,5465064.0
Scnn1a-Tg3_tdTpositive_cell_28,7188,0.033510275,6270634.0
Scnn1a-Tg3_tdTpositive_cell_29,7118,0.024392474,6557210.5
Scnn1a-Tg3_tdTpositive_cell_30,7777,0.0192485,4541416.5
Scnn1a-Tg3_tdTpositive_cell_31,7445,0.018110463,4429243.5
Scnn1a-Tg3_tdTpositive_cell_32,6638,0.0238232,7751854.0
Scnn1a-Tg3_tdTpositive_cell_33,5625,0.027688675,3682918.5
Scnn1a-Tg3_tdTpositive_cell_34,7361,0.020075062,2715671.5
Scnn1a-Tg3_tdTpositive_cell_35,7842,0.017905427,4282961.5
Scnn1a-Tg3_tdTpositive_cell_36,6403,0.018110145,6020707.0
Scnn1a-Tg3_tdTpositive_cell_37,7420,0.016799046,4496248.0
Scnn1a-Tg3_tdTpositive_cell_38,7862,0.01658252,4726473.0
Scnn1a-Tg3_tdTpositive_cell_39,8808,0.025045924,5707842.5
Scnn1a-Tg3_tdTpositive_cell_40,8209,0.017976599,2927870.0
Scnn1a-Tg3_tdTpositive_cell_41,7799,0.023551991,5255813.0
Scnn1a-Tg3_tdTpositive_cell_42,8671,0.021277063,8696271.0
Scnn1a-Tg3_tdTpositive_cell_43,8418,0.022576043,8931367.0
Scnn1a-Tg3_tdTpositive_cell_44,6423,0.026440592,9472298.0
Scnn1a-Tg3_tdTpositive_cell_45,7514,0.019528478,3892673.8
Scnn1a-Tg3_tdTpositive_cell_46,8074,0.026621021,7667818.0
Scnn1a-Tg3_tdTpositive_cell_47,7876,0.022144722,4094989.0
Scnn1a-Tg3_tdTpositive_cell_48,7240,0.021934899,4601008.0
Scnn1a-Tg3_tdTpositive_cell_49,7140,0.020570984,3258418.0
Scnn1a-Tg3_tdTpositive_cell_50,7576,0.026495472,2790242.5
Scnn1a-Tg3_tdTpositive_cell_51,9008,0.03231702,7094828.0
Scnn1a-Tg3_tdTpositive_cell_52,7751,0.017876098,5714886.5
Scnn1a-Tg3_tdTpositive_cell_53,8235,0.022751339,5772462.0
Scnn1a-Tg3_tdTpositive_cell_54,7338,0.022388976,4899756.5
Scnn1a-Tg3_tdTpositive_cell_55,5932,0.021968283,3975487.5
Scnn1a-Tg3_tdTpositive_cell_56,8429,0.027000707,8201940.5
Scnn1a-Tg3_tdTpositive_cell_57,8087,0.021187823,4074194.5
Scnn1a-Tg3_tdTpositive_cell_58,6290,0.030728297,8092722.0
Scnn1a-Tg3_tdTpositive_cell_59,8325,0.02396792,5228065.0
Scnn1a-Tg3_tdTpositive_cell_60,7868,0.018066779,5077792.0
Scnn1a-Tg3_tdTpositive_cell_61,7784,0.023031102,5665529.0
Scnn1a-Tg3_tdTpositive_cell_62,7707,0.028154416,6509429.5
Scnn1a-Tg3_tdTpositive_cell_63,8572,0.022330666,6096610.0
Scnn1a-Tg3_tdTpositive_cell_64,9516,0.024813535,6172941.0
Scnn1a-Tg3_tdTpositive_cell_65,5847,0.024698105,2164863.5
Scnn1a-Tg3_tdTpositive_cell_66,6541,0.012051011,2388806.0
Scnn1a-Tg3_tdTpositive_cell_67,7402,0.018613452,6393888.5
Scnn1a-Tg3_tdTpositive_cell_68,6529,0.014422216,3322359.2
Scnn1a-Tg3_tdTpositive_cell_69,6906,0.015156571,3094645.5
Scnn1a-Tg3_tdTpositive_cell_70,6622,0.02307454,2729587.0
Scnn1a-Tg3_tdTpositive_cell_71,7671,0.028698783,2443377.0
Scnn1a-Tg3_tdTpositive_cell_72,6559,0.018239873,3222080.0
Scnn1a-Tg3_tdTpositive_cell_73,6986,0.01746451,2760061.5
Scnn1a-Tg3_tdTpositive_cell_74,6954,0.01854867,2974297.8
Scnn1a-Tg3_tdTpositive_cell_75,7023,0.014713827,3098010.2
Scnn1a-Tg3_tdTpositive_cell_76,7128,0.021985954,4195659.0
Scnn1a-Tg3_tdTpositive_cell_77,6566,0.01946651,2585594.5
Scnn1a-Tg3_tdTpositive_cell_78,6953,0.030234687,2712047.2
Scnn1a-Tg3_tdTpositive_cell_79,6308,0.041003007,2778045.0
Scnn1a-Tg3_tdTpositive_cell_80,7408,0.018643921,2507641.5
Scnn1a-Tg3_tdTpositive_cell_81,6783,0.024619687,2346929.5
Scnn1a-Tg3_tdTpositive_cell_82,6757,0.017502889,2573015.0
Scnn1a-Tg3_tdTpositive_cell_83,7820,0.024878489,4265166.0
Scnn1a-Tg3_tdTpositive_cell_84,7284,0.022429114,2215634.5
Scnn1a-Tg3_tdTpositive_cell_85,6276,0.015379521,2165077.8
Scnn1a-Tg3_tdTpositive_cell_86,7737,0.017207982,1841128.0
Scnn1a-Tg3_tdTpositive_cell_87,7323,0.022487113,1972942.2
Scnn1a-Tg3_tdTpositive_cell_88,6397,0.017920353,2069216.1
Scnn1a-Tg3_tdTpositive_cell_89,6340,0.016395126,2391715.0
Scnn1a-Tg3_tdTpositive_cell_90,6451,0.01803625,2130805.0
Scnn1a-Tg3_tdTpositive_cell_91,6759,0.01707202,2652466.0
Scnn1a-Tg3_tdTpositive_cell_92,9641,0.027502494,12340724.0
Scnn1a-Tg3_tdTpositive_cell_99,9346,0.019964205,9552171.0
Scnn1a-Tg3_tdTpositive_cell_100,9793,0.09658877,8037873.0
Scnn1a-Tg3_tdTpositive_cell_101,7822,0.06704251,1333440.0
Scnn1a-Tg3_tdTpositive_cell_103,6091,0.019021066,2087493.1
Scnn1a-Tg3_tdTpositive_cell_104,9059,0.044468686,11109149.0
Scnn1a-Tg3_tdTpositive_cell_105,9861,0.042967632,26580352.0
Scnn1a-Tg3_tdTpositive_cell_106,8825,0.03250832,2210717.5
Scnn1a-Tg3_tdTpositive_cell_107,8534,0.021892281,5934257.0
Scnn1a-Tg3_tdTpositive_cell_108,8868,0.031091718,5870946.5
Scnn1a-Tg3_tdTpositive_cell_109,5863,0.026570113,1985318.6
Scnn1a-Tg3_tdTpositive_cell_110,6576,0.02540644,2677033.5
Scnn1a-Tg3_tdTnegative_cell_1,3730,0.048892725,2922138.5
Scnn1a-Tg3_tdTnegative_cell_2,3744,0.07516698,3440025.5
Scnn1a-Tg3_tdTnegative_cell_3,3991,0.060886517,3411128.5
Scnn1a-Tg3_tdTnegative_cell_4,3638,0.021747751,2469953.5
Scnn1a-Tg3_tdTnegative_cell_5,5243,0.023009067,2315332.5
Scnn1a-Tg3_tdTnegative_cell_6,4280,0.07843604,3495193.0
Scnn1a-Tg3_tdTnegative_cell_7,5391,0.008450337,2408536.2
Scnn1a-Tg3_tdTnegative_cell_8,3747,0.081113026,1645173.4
Scnn1a-Tg3_tdTnegative_cell_9,4845,0.004602887,2530546.8
Scnn1a-Tg3_tdTnegative_cell_10,4219,0.06099518,3816002.0
Scnn1a-Tg3_tdTnegative_cell_11,4504,0.015655817,2269552.0
Scnn1a-Tg3_tdTnegative_cell_12,3922,0.059950083,2636935.5
Scnn1a-Tg3_tdTnegative_cell_13,3915,0.04476863,2925222.5
Scnn1a-Tg3_tdTnegative_cell_14,4650,0.038334206,4251526.0
Scnn1a-Tg3_tdTnegative_cell_15,4039,0.055282164,3307693.8
Scnn1a-Tg3_tdTnegative_cell_16,3742,0.030931242,3057366.8
Scnn1a-Tg3_tdTnegative_cell_17,4677,0.010833984,2141608.5
Scnn1a-Tg3_tdTnegative_cell_18,4182,0.057918582,3925526.5
Scnn1a-Tg3_tdTnegative_cell_19,4176,0.062416174,4479403.0
Scnn1a-Tg3_tdTnegative_cell_20,6525,0.015282988,5229918.0
Scnn1a-Tg3_tdTnegative_cell_21,3788,0.08960687,2813887.5
Scnn1a-Tg3_tdTnegative_cell_22,3317,0.07416513,5141613.0
Scnn1a-Tg3_tdTnegative_cell_23,3811,0.06237267,2453988.0
Scnn1a-Tg3_tdTnegative_cell_24,3802,0.08566044,1362758.1
Slc17a6_tdTpositive_cell_1,8408,0.025953803,2593037.0
Slc17a6_tdTpositive_cell_2,7373,0.026968256,2972967.5
Slc17a6_tdTpositive_cell_3,7597,0.02783066,3151615.2
Slc17a6_tdTpositive_cell_4,7542,0.029060515,2717134.8
Slc17a6_tdTpositive_cell_5,7074,0.08302568,2290503.0
Slc17a6_tdTpositive_cell_6,7626,0.035134252,2874944.8
Slc17a6_tdTpositive_cell_7,7652,0.025101244,2513620.2
Slc17a6_tdTpositive_cell_8,7484,0.030664066,2525893.5
Slc17a6_tdTpositive_cell_9,7749,0.03614038,3393610.0
Slc17a6_tdTpositive_cell_10,7784,0.033549692,3275474.5
Slc17a6_tdTpositive_cell_11,7529,0.032011043,3175639.5
Slc17a6_tdTpositive_cell_12,8264,0.021118518,2917569.2
Slc17a6_tdTpositive_cell_13,5889,0.024736647,4384137.0
Slc17a6_tdTpositive_cell_14,7484,0.023405896,2856079.8
Slc17a6_tdTpositive_cell_15,7380,0.021946307,2891408.0
Slc17a6_tdTpositive_cell_16,6856,0.02616314,3480814.2
Slc17a6_tdTpositive_cell_17,7761,0.02696463,3298785.0
Slc17a6_tdTpositive_cell_18,6907,0.023358267,3160331.8
Slc17a6_tdTpositive_cell_19,7646,0.029122865,2808500.8
Slc17a6_tdTpositive_cell_20,7442,0.026708588,3026273.5
Slc17a6_tdTpositive_cell_21,7579,0.024930816,3014589.0
Slc17a6_tdTpositive_cell_22,7858,0.034092795,3444231.2
Slc17a6_tdTpositive_cell_23,6336,0.021546144,2760750.8
Slc17a6_tdTpositive_cell_24,7646,0.0324624,3529316.2
Slc17a6_tdTpositive_cell_25,8044,0.03256526,3070014.2
Slc17a6_tdTpositive_cell_26,7576,0.030117484,3043933.8
Slc17a6_tdTpositive_cell_27,7958,0.022217527,2788243.5
Slc17a6_tdTpositive_cell_28,7893,0.027877878,3367277.2
Slc17a6_tdTpositive_cell_29,8162,0.022470577,3630647.0
Slc17a6_tdTpositive_cell_30,7516,0.02835741,2461092.8
Slc17a6_tdTpositive_cell_31,7903,0.021055015,3371976.2
Slc17a6_tdTpositive_cell_32,7791,0.031140432,2860244.5
Slc17a6_tdTpositive_cell_33,8097,0.026829435,2932918.0
Slc17a6_tdTpositive_cell_34,7799,0.031078938,3196294.0
Slc17a6_tdTpositive_cell_35,7483,0.028027153,3124724.5
Slc17a6_tdTpositive_cell_36,8058,0.033194244,2745193.5
Slc17a6_tdTpositive_cell_37,7719,0.02181758,3611867.0
Slc17a6_tdTpositive_cell_38,7613,0.028940048,3484318.2
Slc17a6_tdTpositive_cell_39,7000,0.025157358,3591105.0
Slc17a6_tdTpositive_cell_40,7570,0.030189516,3790270.5
Slc17a6_tdTpositive_cell_41,8337,0.031165715,3546224.5
Slc17a6_tdTpositive_cell_42,7454,0.029764991,3125726.8
Slc17a6_tdTpositive_cell_43,7852,0.04006161,3771278.0
Slc17a6_tdTpositive_cell_44,9553,0.029213598,13306644.0
Slc17a6_tdTpositive_cell_45,7318,0.058761336,2360869.0
Slc17a6_tdTpositive_cell_46,7536,0.025885025,3563661.0
Slc17a6_tdTpositive_cell_47,7180,0.027200496,3869534.8
Sst_tdTpositive_cell_1,6967,0.025524879,5294231.0
Sst_tdTpositive_cell_2,7746,0.0203494,5839337.0
Sst_tdTpositive_cell_3,7026,0.049657863,5658346.0
Sst_tdTpositive_cell_4,8021,0.028990194,5583203.5
Sst_tdTpositive_cell_5,7807,0.031761244,5269341.0
Sst_tdTpositive_cell_6,7177,0.03105513,5606727.5
Sst_tdTpositive_cell_7,8005,0.03425904,10911372.0
Sst_tdTpositive_cell_8,8190,0.030782234,5711983.0
Sst_tdTpositive_cell_9,7352,0.0358268,4520706.5
Sst_tdTpositive_cell_10,7373,0.037822645,5112222.0
Sst_tdTpositive_cell_11,7849,0.025982335,5055745.5
Sst_tdTpositive_cell_12,7735,0.03141997,6305891.0
Sst_tdTpositive_cell_13,7835,0.025520207,6990120.5
Sst_tdTpositive_cell_14,7344,0.027898366,6799935.0
Sst_tdTpositive_cell_15,8078,0.020767905,5905378.0
Sst_tdTpositive_cell_16,5920,0.04246099,4079808.2
Sst_tdTpositive_cell_17,7404,0.030049117,5728746.0
Sst_tdTpositive_cell_18,8444,0.032651026,6947011.0
Sst_tdTpositive_cell_19,6935,0.057517678,6382586.0
Sst_tdTpositive_cell_20,8167,0.05048778,4169481.0
Sst_tdTpositive_cell_21,9007,0.03386283,6035652.0
Sst_tdTpositive_cell_22,8349,0.0437062,5125921.0
Sst_tdTpositive_cell_23,8171,0.050289344,4901685.0
Sst_tdTpositive_cell_24,8641,0.051912572,6981468.5
Sst_tdTpositive_cell_25,8032,0.041567862,4963223.0
Sst_tdTpositive_cell_26,8878,0.03410853,6564320.0
Sst_tdTpositive_cell_27,7676,0.023382433,6868078.0
Sst_tdTpositive_cell_28,9571,0.046245534,15358573.0
Sst_tdTpositive_cell_29,8582,0.034015626,11949628.0
Sst_tdTpositive_cell_30,9176,0.03055127,7686382.5
Sst_tdTpositive_cell_31,6089,0.02576559,8004166.0
Sst_tdTpositive_cell_32,7208,0.01659144,4078917.0
Sst_tdTpositive_cell_33,8427,0.034255326,5621113.0
Sst_tdTpositive_cell_34,8117,0.023840645,10198485.0
Sst_tdTpositive_cell_35,7621,0.023683669,5036263.0
Sst_tdTpositive_cell_36,8489,0.028147578,3940532.8
Sst_tdTpositive_cell_37,7681,0.02497174,5268148.0
Sst_tdTpositive_cell_38,7087,0.015378387,4943301.0
Sst_tdTpositive_cell_39,8276,0.018353362,4045870.5
Sst_tdTpositive_cell_40,6853,0.018720008,3822311.0
Sst_tdTpositive_cell_41,7067,0.026549948,4414908.0
Sst_tdTpositive_cell_42,7699,0.014853691,5643988.0
Sst_tdTpositive_cell_43,7964,0.022987753,5106087.0
Sst_tdTpositive_cell_44,7791,0.015251935,4634899.5
Sst_tdTpositive_cell_45,6469,0.022728873,2383315.0
Sst_tdTpositive_cell_46,7054,0.056021232,3799434.2
Sst_tdTpositive_cell_47,7592,0.023997445,6014304.5
Sst_tdTpositive_cell_48,7088,0.024259312,4829467.0
Sst_tdTpositive_cell_49,8084,0.01995868,4437571.5
Sst_tdTpositive_cell_50,7914,0.019430323,5655808.0
Sst_tdTpositive_cell_51,8049,0.021492487,4306423.5
Sst_tdTpositive_cell_52,8115,0.02437493,4045553.5
Sst_tdTpositive_cell_53,8084,0.030291643,4519307.0
Sst_tdTpositive_cell_54,7969,0.02086214,4711455.5
Sst_tdTpositive_cell_55,8733,0.032112684,7450344.0
Sst_tdTpositive_cell_56,8612,0.05383872,4848318.0
Sst_tdTpositive_cell_57,7942,0.026162151,3268443.5
Sst_tdTpositive_cell_58,7079,0.020758662,2314151.0
Sst_tdTpositive_cell_59,7471,0.021779567,3719002.5
Sst_tdTpositive_cell_60,7197,0.020813398,3374192.2
Sst_tdTpositive_cell_61,7751,0.024060637,3538494.5
Sst_tdTpositive_cell_62,5750,0.0254723,4842299.5
Sst_tdTpositive_cell_63,7155,0.0247586,3929924.0
Sst_tdTpositive_cell_64,6587,0.024267644,4803654.0
Sst_tdTpositive_cell_65,7949,0.023834603,3959117.5
Sst_tdTpositive_cell_66,7423,0.047611102,2864403.8
Sst_tdTpositive_cell_67,6788,0.025963277,3694355.0
Sst_tdTpositive_cell_68,8007,0.03408627,3557310.8
Sst_tdTpositive_cell_69,7909,0.028021649,4681476.0
Sst_tdTpositive_cell_70,7974,0.043975472,4575478.5
Sst_tdTpositive_cell_71,7070,0.03879807,10455737.0
Sst_tdTpositive_cell_72,8087,0.019376015,4299739.0
Sst_tdTpositive_cell_73,7183,0.023384644,3353735.2
Sst_tdTpositive_cell_74,7994,0.02200581,3968551.0
Sst_tdTpositive_cell_75,7267,0.041113213,4134208.5
Sst_tdTpositive_cell_76,8284,0.045277268,6792313.0
Sst_tdTpositive_cell_77,8208,0.03813579,7545341.0
Sst_tdTpositive_cell_78,8377,0.04007976,6387139.5
Sst_tdTpositive_cell_79,8942,0.03964915,8481311.0
Sst_tdTpositive_cell_80,8729,0.02804467,5267364.5
Sst_tdTpositive_cell_81,8720,0.033850256,6245429.0
Sst_tdTpositive_cell_82,8907,0.028479159,5975987.5
Sst_tdTpositive_cell_83,7605,0.048149914,4916091.0
Sst_tdTpositive_cell_84,8638,0.030838935,7962284.0
Sst_tdTpositive_cell_85,6986,0.026961988,4440570.5
Sst_tdTpositive_cell_86,7935,0.025466463,4635880.0
Sst_tdTpositive_cell_87,8425,0.023068553,5907220.0
Sst_tdTpositive_cell_88,7160,0.025682379,3858924.5
Sst_tdTpositive_cell_89,8091,0.02626507,4009080.5
Sst_tdTpositive_cell_90,8473,0.025510538,4475957.0
Sst_tdTpositive_cell_91,8427,0.026919281,3865732.8
Sst_tdTpositive_cell_92,8919,0.02393823,4076305.2
Sst_tdTpositive_cell_93,7935,0.025018858,4853950.5
Sst_tdTpositive_cell_94,8103,0.03794981,4996636.5
Sst_tdTpositive_cell_95,7767,0.017713977,5049160.5
Sst_tdTpositive_cell_96,7822,0.02430518,4115331.0
Sst_tdTpositive_cell_97,7086,0.022548145,4981901.0
Sst_tdTpositive_cell_98,7328,0.022683304,4551060.5
Sst_tdTpositive_cell_99,8689,0.031528436,4438363.5
Sst_tdTpositive_cell_100,7594,0.06045144,14673806.0
Sst_tdTpositive_cell_101,8891,0.039032962,17904748.0
Sst_tdTpositive_cell_102,8566,0.031815317,18042820.0
Sst_tdTpositive_cell_103,8434,0.023444742,17365354.0
Sst_tdTpositive_cell_104,8595,0.03692944,16562986.0
Sst_tdTpositive_cell_105,7873,0.032807723,18395144.0
Sst_tdTpositive_cell_106,7570,0.06089308,5242938.0
Sst_tdTpositive_cell_107,7371,0.029117359,4751047.0
Tac2_tdTpositive_cell_1,9211,0.07481467,5604493.5
Tac2_tdTpositive_cell_2,8939,0.048831537,3684484.5
Tac2_tdTpositive_cell_3,9115,0.0628315,4167445.2
Tac2_tdTpositive_cell_4,7806,0.05084356,3275288.5
Tac2_tdTpositive_cell_5,6934,0.059256665,3561985.0
Tac2_tdTpositive_cell_6,7961,0.042215284,4610856.5
Tac2_tdTpositive_cell_7,8825,0.059351593,4958797.0
Tac2_tdTpositive_cell_8,8096,0.052955456,5893435.0
Vip_tdTpositive_cell_1,5692,0.03340434,4335050.0
Vip_tdTpositive_cell_2,7012,0.021808218,3514958.8
Vip_tdTpositive_cell_3,6166,0.019295948,3515875.5
Vip_tdTpositive_cell_4,6448,0.015611112,4933427.0
Vip_tdTpositive_cell_5,6657,0.020196823,3970587.0
Vip_tdTpositive_cell_6,5841,0.013398184,3543581.5
Vip_tdTpositive_cell_7,6715,0.019145824,6932483.0
Vip_tdTpositive_cell_8,6094,0.019656654,3994615.0
Vip_tdTpositive_cell_9,6362,0.017388064,4047847.5
Vip_tdTpositive_cell_10,5981,0.01754807,4040811.2
Vip_tdTpositive_cell_11,5514,0.018578552,2850040.5
Vip_tdTpositive_cell_12,6889,0.016995875,3325939.2
Vip_tdTpositive_cell_13,6274,0.018272689,3766586.2
Vip_tdTpositive_cell_14,6577,0.019809617,3474913.0
Vip_tdTpositive_cell_15,7125,0.019476226,8052320.0
Vip_tdTpositive_cell_16,3959,0.04345648,4816576.0
Vip_tdTpositive_cell_17,7061,0.02020384,4305854.5
Vip_tdTpositive_cell_18,6058,0.016686583,5074607.5
Vip_tdTpositive_cell_19,5944,0.018749174,4064710.8
Vip_tdTpositive_cell_20,6217,0.019751398,4241440.0
Vip_tdTpositive_cell_21,5975,0.022669757,4371049.0
Vip_tdTpositive_cell_22,6542,0.016856657,4423318.5
Vip_tdTpositive_cell_23,7354,0.01862906,5363397.0
Vip_tdTpositive_cell_24,5439,0.020279953,1060612.0
Vip_tdTpositive_cell_25,6316,0.02285484,5167581.0
Vip_tdTpositive_cell_26,6457,0.02292398,4716184.0
Vip_tdTpositive_cell_27,5660,0.019570008,5230109.0
Vip_tdTpositive_cell_28,6689,0.022829676,4431387.0
Vip_tdTpositive_cell_29,4782,0.022114558,5462204.0
Vip_tdTpositive_cell_30,6781,0.036322214,2789492.5
Vip_tdTpositive_cell_31,6987,0.026511628,4299534.5
Vip_tdTpositive_cell_32,6241,0.018253703,4603877.5
Vip_tdTpositive_cell_33,6280,0.019995062,2040564.8
Vip_tdTpositive_cell_34,7039,0.020122297,4466993.0
Vip_tdTpositive_cell_35,6082,0.02663989,1941098.1
Vip_tdTpositive_cell_36,6067,0.020286543,4092454.5
Vip_tdTpositive_cell_37,5404,0.019068489,1550105.2
Vip_tdTpositive_cell_38,6892,0.018766478,7113987.5
Vip_tdTpositive_cell_39,6705,0.02314936,4627080.0
Vip_tdTpositive_cell_40,7136,0.02318868,4942375.0
Vip_tdTpositive_cell_41,7353,0.015884226,6415241.0
Vip_tdTpositive_cell_42,7070,0.021897163,6538979.0
Vip_tdTpositive_cell_43,6395,0.019851675,2716778.5
Vip_tdTpositive_cell_44,6242,0.016240776,4237459.5
Vip_tdTpositive_cell_45,7757,0.02433735,12270570.0
Vip_tdTpositive_cell_46,6886,0.027762923,3691354.8
Vip_tdTpositive_cell_47,7281,0.022115398,5148220.0
Vip_tdTpositive_cell_48,7083,0.027315006,5148892.5
Vip_tdTpositive_cell_49,6514,0.028150618,4070352.0
Vip_tdTpositive_cell_50,6608,0.01977228,4090533.5
Vip_tdTpositive_cell_51,7102,0.028823206,4492309.5
Vip_tdTpositive_cell_52,7488,0.02430683,3761294.0
Vip_tdTpositive_cell_53,9152,0.030831076,13126097.0
Vip_tdTpositive_cell_54,7804,0.022876635,4070829.0
Vip_tdTpositive_cell_55,7456,0.02171257,3690169.5
Vip_tdTpositive_cell_56,7309,0.03264976,4140523.0
Vip_tdTpositive_cell_57,8039,0.025863308,4728322.0
Vip_tdTpositive_cell_58,7176,0.026073588,2976727.5
Vip_tdTpositive_cell_59,8640,0.027294746,11032696.0
Vip_tdTpositive_cell_60,6858,0.024157882,3554585.5
Vip_tdTpositive_cell_61,8522,0.029403096,5599047.0
Vip_tdTpositive_cell_62,7941,0.018391522,4096357.2
Vip_tdTpositive_cell_63,7152,0.030085899,4520800.5
Vip_tdTpositive_cell_64,6453,0.022246063,4166447.0
Vip_tdTpositive_cell_65,6834,0.02316514,4237026.5
Vip_tdTpositive_cell_66,8140,0.019635411,4319333.0
Vip_tdTpositive_cell_67,7415,0.029623017,3932091.8
Vip_tdTpositive_cell_68,7217,0.03561223,3353160.0
Vip_tdTpositive_cell_69,5980,0.0331213,4322866.0
Vip_tdTpositive_cell_70,6140,0.026742976,2918968.0
CAV_LP_Ipsi_tdTpos_cell_1,8536,0.045941222,5887854.0
CAV_LP_Ipsi_tdTpos_cell_2,9284,0.04580357,5862901.0
CAV_LP_Ipsi_tdTpos_cell_3,9399,0.05472431,5724629.5
CAV_LP_Ipsi_tdTpos_cell_4,9308,0.039596938,5029724.5
CAV_LP_Ipsi_tdTpos_cell_5,9277,0.04408641,5518313.0
CAV_LP_Ipsi_tdTpos_cell_6,7695,0.029610038,5292059.0
CAV_LP_Ipsi_tdTpos_cell_7,8941,0.041600358,6443966.0
CAV_LP_Ipsi_tdTpos_cell_8,8653,0.06555916,4779834.5
CAV_LP_Ipsi_tdTpos_cell_9,7584,0.035332557,5600061.5
CAV_LP_Ipsi_tdTpos_cell_10,8168,0.0368759,5610143.0
CAV_LP_Ipsi_tdTpos_cell_11,8119,0.03297624,5883667.5
CAV_LP_Ipsi_tdTpos_cell_12,8986,0.03005397,4311300.0
CAV_LP_Ipsi_tdTpos_cell_13,9252,0.038962845,5395911.0
CAV_LP_Ipsi_tdTpos_cell_14,9769,0.046517923,6095031.0
CAV_LP_Ipsi_tdTpos_cell_15,8808,0.053099155,5553168.0
CAV_LP_Ipsi_tdTpos_cell_16,7266,0.04950285,6254653.0
CAV_LP_Ipsi_tdTpos_cell_17,9240,0.05845207,6151706.0
CAV_LP_Ipsi_tdTpos_cell_19,8431,0.050804626,5494010.0
CAV_LP_Ipsi_tdTpos_cell_20,8631,0.046615556,5396476.0
CAV_LP_Ipsi_tdTpos_cell_21,7532,0.021330578,4227845.5
CAV_LP_Ipsi_tdTpos_cell_22,6850,0.044394113,6457599.0
CAV_LP_Ipsi_tdTpos_cell_23,6725,0.057125393,5862175.0
CAV_LP_Ipsi_tdTpos_cell_24,7476,0.05871587,6741936.0
CAV_LP_Ipsi_tdTpos_cell_25,7472,0.054725002,5977306.0
CAV_LP_Ipsi_tdTpos_cell_26,6365,0.050239004,3991194.0
CAV_LP_Ipsi_tdTpos_cell_27,7270,0.06623683,5178144.5
CAV_LP_Ipsi_tdTpos_cell_28,6876,0.06778301,6446265.0
CAV_LP_Ipsi_tdTpos_cell_29,8776,0.038109098,4507421.0
CAV_LP_Ipsi_tdTpos_cell_30,9179,0.055249184,3216182.0
CAV_LP_Ipsi_tdTpos_cell_31,6143,0.032486077,5229306.0
CAV_LP_Ipsi_tdTpos_cell_32,8628,0.042246748,7731942.5
CAV_LP_Ipsi_tdTpos_cell_33,7290,0.036015462,4916457.0
CAV_LP_Ipsi_tdTpos_cell_34,8091,0.032333255,11876952.0
CAV_LP_Ipsi_tdTpos_cell_35,7648,0.0404521,4685891.0
CAV_LP_Ipsi_tdTpos_cell_36,9065,0.05159395,6612418.5
CAV_LP_Ipsi_tdTpos_cell_37,7295,0.026669627,6818787.0
CAV_LP_Ipsi_tdTpos_cell_38,7307,0.034706056,5979963.0
CAV_LP_Ipsi_tdTpos_cell_39,7632,0.025661943,8607296.0
CAV_LP_Ipsi_tdTpos_cell_40,8229,0.030829601,8353609.5
CAV_LP_Ipsi_tdTpos_cell_41,7796,0.039713845,6257079.0
CAV_LP_Ipsi_tdTpos_cell_42,8036,0.031999696,9396085.0
CAV_LP_Ipsi_tdTpos_cell_43,6890,0.030070992,5714038.0
CAV_VISp_Contra_tdTpos_cell_1,7227,0.03951969,4018366.0
CAV_VISp_Contra_tdTpos_cell_2,7670,0.0356481,3201481.0
CAV_VISp_Contra_tdTpos_cell_3,8043,0.033545814,4271895.0
CAV_VISp_Contra_tdTpos_cell_4,9019,0.030400053,4225583.0
CAV_VISp_Contra_tdTpos_cell_5,8278,0.039809957,4109389.0
